coord_lon,coord_lat,weather[0]_id,weather[0]_main,weather[0]_description,weather[0]_icon,base,main_temp,main_feels_like,main_temp_min,main_temp_max,main_pressure,main_humidity,main_sea_level,main_grnd_level,visibility,wind_speed,wind_deg,clouds_all,dt,sys_type,sys_id,sys_country,sys_sunrise,sys_sunset,timezone,id,name,cod,wind_gust,weather[1]_id,weather[1]_main,weather[1]_description,weather[1]_icon,rain_1h,Moon_Phase,UV_Index,Status,Dew_Point,main_temp(C),main_feels_like(C),main_temp_min(C),main_temp_max(C),Air_Quality,Date_Recorded
77.6033,12.9762,721,Haze,haze,50d,stations,298.32,298.69,297.95,299.46,1011,69,1011,914,5000.0,2.57,90,40,2024-12-14 14:00:56+05:30,1.0,9205.0,IN,2024-12-14 06:33:21+05:30,2024-12-14 17:55:24+05:30,19800,1277333,Bengaluru,200,,,,,,,,,,,,,,,,
72.8479,19.0144,711,Smoke,smoke,50d,stations,304.14,302.48,304.14,305.09,1011,25,1011,1010,3000.0,3.09,70,20,2024-12-14 14:00:29+05:30,1.0,9052.0,IN,2024-12-14 07:03:34+05:30,2024-12-14 18:03:15+05:30,19800,1275339,Mumbai,200,,,,,,,,,,,,,,,,
78.4744,17.3753,721,Haze,haze,50d,stations,301.38,300.52,300.88,301.38,1013,32,1013,949,4000.0,3.6,40,40,2024-12-14 14:06:56+05:30,1.0,9214.0,IN,2024-12-14 06:37:56+05:30,2024-12-14 17:43:51+05:30,19800,1269843,Hyderabad,200,,,,,,,,,,,,,,,,
77.2167,28.6667,721,Haze,haze,50d,stations,294.2,292.99,294.2,294.2,1016,24,1016,990,4400.0,4.63,280,0,2024-12-14 14:00:18+05:30,1.0,9165.0,IN,2024-12-14 07:05:58+05:30,2024-12-14 17:25:53+05:30,19800,1273294,Delhi,200,,,,,,,,,,,,,,,,
72.0,23.0,800,Clear,clear sky,01d,stations,300.73,299.46,300.73,300.73,1014,12,1014,1012,10000.0,5.5,81,0,2024-12-14 14:08:06+05:30,,,IN,2024-12-14 07:14:48+05:30,2024-12-14 17:58:49+05:30,19800,1270770,Gujarat,200,5.87,,,,,,,,,,,,,,,
74.8833,12.8667,721,Haze,haze,50d,stations,305.63,307.19,305.63,305.63,1008,45,1008,1004,5000.0,2.57,100,20,2024-12-14 14:08:07+05:30,1.0,9217.0,IN,2024-12-14 06:44:02+05:30,2024-12-14 18:06:29+05:30,19800,1263780,Mangalore,200,,,,,,,,,,,,,,,,
93.0,26.0,800,Clear,clear sky,01d,stations,296.19,296.04,296.19,296.19,1013,57,1013,1002,10000.0,0.88,243,0,2024-12-14 14:05:52+05:30,,,IN,2024-12-14 05:56:59+05:30,2024-12-14 16:28:34+05:30,19800,1278253,Assam,200,0.75,,,,,,,,,,,,,,,
74.8167,34.0833,804,Clouds,overcast clouds,04d,stations,280.84,280.25,280.84,280.84,1025,15,1025,835,10000.0,1.43,258,94,2024-12-14 14:03:59+05:30,,,IN,2024-12-14 07:28:30+05:30,2024-12-14 17:22:34+05:30,19800,1255634,Srinagar,200,0.95,,,,,,,,,,,,,,,
77.6033,12.9762,721,Haze,haze,50d,stations,298.58,298.98,298.05,298.95,1011,69,1011,914,5000.0,3.6,60,40,2024-12-14 14:11:11+05:30,1.0,9205.0,IN,2024-12-14 06:33:21+05:30,2024-12-14 17:55:24+05:30,19800,1277333,Bengaluru,200,,,,,,,,,,,,,,,,
72.8479,19.0144,711,Smoke,smoke,50d,stations,304.14,302.48,304.14,305.09,1011,25,1011,1010,3000.0,3.09,70,20,2024-12-14 14:00:29+05:30,1.0,9052.0,IN,2024-12-14 07:03:34+05:30,2024-12-14 18:03:15+05:30,19800,1275339,Mumbai,200,,,,,,,,,,,,,,,,
78.4744,17.3753,721,Haze,haze,50d,stations,301.38,300.52,300.88,301.38,1013,32,1013,949,4000.0,3.6,40,40,2024-12-14 14:06:56+05:30,1.0,9214.0,IN,2024-12-14 06:37:56+05:30,2024-12-14 17:43:51+05:30,19800,1269843,Hyderabad,200,,,,,,,,,,,,,,,,
77.2167,28.6667,721,Haze,haze,50d,stations,294.2,292.99,294.2,294.2,1016,24,1016,990,4400.0,4.63,280,0,2024-12-14 14:00:18+05:30,1.0,9165.0,IN,2024-12-14 07:05:58+05:30,2024-12-14 17:25:53+05:30,19800,1273294,Delhi,200,,,,,,,,,,,,,,,,
72.0,23.0,800,Clear,clear sky,01d,stations,300.73,299.46,300.73,300.73,1014,12,1014,1012,10000.0,5.5,81,0,2024-12-14 14:08:06+05:30,,,IN,2024-12-14 07:14:48+05:30,2024-12-14 17:58:49+05:30,19800,1270770,Gujarat,200,5.87,,,,,,,,,,,,,,,
74.8833,12.8667,721,Haze,haze,50d,stations,305.63,307.19,305.63,305.63,1008,45,1008,1004,5000.0,2.57,100,20,2024-12-14 14:08:07+05:30,1.0,9217.0,IN,2024-12-14 06:44:02+05:30,2024-12-14 18:06:29+05:30,19800,1263780,Mangalore,200,,,,,,,,,,,,,,,,
93.0,26.0,800,Clear,clear sky,01d,stations,296.19,296.04,296.19,296.19,1013,57,1013,1002,10000.0,0.88,243,0,2024-12-14 14:05:52+05:30,,,IN,2024-12-14 05:56:59+05:30,2024-12-14 16:28:34+05:30,19800,1278253,Assam,200,0.75,,,,,,,,,,,,,,,
74.8167,34.0833,804,Clouds,overcast clouds,04d,stations,280.84,280.25,280.84,280.84,1025,15,1025,835,10000.0,1.43,258,94,2024-12-14 14:03:59+05:30,,,IN,2024-12-14 07:28:30+05:30,2024-12-14 17:22:34+05:30,19800,1255634,Srinagar,200,0.95,,,,,,,,,,,,,,,
77.6033,12.9762,721,Haze,haze,50d,stations,298.73,299.17,298.43,299.05,1011,70,1011,914,5000.0,2.57,50,40,2024-12-14 14:52:35+05:30,1.0,9205.0,IN,2024-12-14 06:33:21+05:30,2024-12-14 17:55:24+05:30,19800,1277333,Bengaluru,200,,,,,,,,,,,,,,,,
72.8479,19.0144,711,Smoke,smoke,50d,stations,304.14,302.48,304.14,305.09,1011,25,1011,1010,3500.0,3.09,110,20,2024-12-14 14:56:08+05:30,1.0,9052.0,IN,2024-12-14 07:03:34+05:30,2024-12-14 18:03:15+05:30,19800,1275339,Mumbai,200,,,,,,,,,,,,,,,,
78.4744,17.3753,721,Haze,haze,50d,stations,301.38,300.52,301.38,301.88,1013,32,1013,949,4000.0,3.6,60,40,2024-12-14 14:55:49+05:30,1.0,9214.0,IN,2024-12-14 06:37:56+05:30,2024-12-14 17:43:51+05:30,19800,1269843,Hyderabad,200,,,,,,,,,,,,,,,,
77.2167,28.6667,721,Haze,haze,50d,stations,295.2,294.01,295.2,295.2,1016,21,1016,990,4400.0,4.63,280,0,2024-12-14 14:53:33+05:30,1.0,9165.0,IN,2024-12-14 07:05:58+05:30,2024-12-14 17:25:53+05:30,19800,1273294,Delhi,200,,,,,,,,,,,,,,,,
72.0,23.0,800,Clear,clear sky,01d,stations,301.01,299.66,301.01,301.01,1014,12,1014,1012,10000.0,5.37,75,0,2024-12-14 15:00:26+05:30,,,IN,2024-12-14 07:14:48+05:30,2024-12-14 17:58:49+05:30,19800,1270770,Gujarat,200,5.8,,,,,,,,,,,,,,,
74.8833,12.8667,721,Haze,haze,50d,stations,305.63,307.19,305.63,305.63,1007,45,1007,1004,5000.0,0.0,0,20,2024-12-14 15:00:27+05:30,1.0,9217.0,IN,2024-12-14 06:44:02+05:30,2024-12-14 18:06:29+05:30,19800,1263780,Mangalore,200,,,,,,,,,,,,,,,,
93.0,26.0,800,Clear,clear sky,01d,stations,296.19,296.04,296.19,296.19,1013,57,1013,1002,10000.0,0.88,243,0,2024-12-14 14:55:49+05:30,,,IN,2024-12-14 05:56:59+05:30,2024-12-14 16:28:34+05:30,19800,1278253,Assam,200,0.75,,,,,,,,,,,,,,,
74.8167,34.0833,804,Clouds,overcast clouds,04d,stations,280.84,280.25,280.84,280.84,1025,15,1025,835,10000.0,1.43,258,94,2024-12-14 14:58:35+05:30,,,IN,2024-12-14 07:28:30+05:30,2024-12-14 17:22:34+05:30,19800,1255634,Srinagar,200,0.95,,,,,,,,,,,,,,,
77.6033,12.9762,701,Mist,mist,50d,stations,293.96,294.16,293.05,293.98,1017,79,1017,918,2000.0,4.12,80,40,2024-12-15 10:40:30+05:30,1.0,9205.0,IN,2024-12-15 06:33:53+05:30,2024-12-15 17:55:49+05:30,19800,1277333,Bengaluru,200,,,,,,,,,,,,,,,,
72.8479,19.0144,711,Smoke,smoke,50d,stations,300.14,299.49,300.14,301.09,1016,28,1016,1015,2500.0,3.09,80,68,2024-12-15 10:40:04+05:30,1.0,9052.0,IN,2024-12-15 07:04:07+05:30,2024-12-15 18:03:38+05:30,19800,1275339,Mumbai,200,,,,,,,,,,,,,,,,
78.4744,17.3753,721,Haze,haze,50d,stations,297.38,296.93,295.88,297.38,1018,41,1018,954,5000.0,3.09,30,40,2024-12-15 10:35:27+05:30,1.0,9214.0,IN,2024-12-15 06:38:29+05:30,2024-12-15 17:44:14+05:30,19800,1269843,Hyderabad,200,,,,,,,,,,,,,,,,
77.2167,28.6667,721,Haze,haze,50d,stations,288.2,286.91,288.2,288.2,1021,44,1021,995,2200.0,1.54,270,0,2024-12-15 10:40:59+05:30,1.0,9165.0,IN,2024-12-15 07:06:35+05:30,2024-12-15 17:26:12+05:30,19800,1273294,Delhi,200,,,,,,,,,,,,,,,,
72.0,23.0,800,Clear,clear sky,01d,stations,295.65,294.37,295.65,295.65,1019,16,1019,1017,10000.0,5.21,79,0,2024-12-15 10:44:52+05:30,,,IN,2024-12-15 07:15:22+05:30,2024-12-15 17:59:10+05:30,19800,1270770,Gujarat,200,6.5,,,,,,,,,,,,,,,
74.8833,12.8667,721,Haze,haze,50d,stations,300.63,301.6,300.63,300.63,1014,57,1014,1010,5000.0,3.6,90,21,2024-12-15 10:39:30+05:30,1.0,9217.0,IN,2024-12-15 06:44:34+05:30,2024-12-15 18:06:54+05:30,19800,1263780,Mangalore,200,,,,,,,,,,,,,,,,
93.0,26.0,800,Clear,clear sky,01d,stations,293.54,293.23,293.54,293.54,1019,61,1019,1008,10000.0,0.85,143,0,2024-12-15 10:41:20+05:30,,,IN,2024-12-15 05:57:35+05:30,2024-12-15 16:28:54+05:30,19800,1278253,Assam,200,1.06,,,,,,,,,,,,,,,
74.8167,34.0833,804,Clouds,overcast clouds,04d,stations,277.63,276.35,277.63,277.63,1030,27,1030,837,10000.0,1.62,269,100,2024-12-15 10:43:24+05:30,,,IN,2024-12-15 07:29:08+05:30,2024-12-15 17:22:51+05:30,19800,1255634,Srinagar,200,0.92,,,,,,,,,,,,,,,
77.6033,12.9762,721,Haze,haze,50d,stations,297.15,297.28,295.65,298.35,1014,64,1014,917,5000.0,5.14,60,40,2024-12-15 12:14:29+05:30,1.0,9205.0,IN,2024-12-15 06:33:53+05:30,2024-12-15 17:55:49+05:30,19800,1277333,Bengaluru,200,,,,,,,,,,,,,,,,
72.8479,19.0144,711,Smoke,smoke,50d,stations,303.14,301.58,303.14,304.09,1014,25,1014,1013,2500.0,3.09,60,9,2024-12-15 12:12:07+05:30,1.0,9052.0,IN,2024-12-15 07:04:07+05:30,2024-12-15 18:03:38+05:30,19800,1275339,Mumbai,200,,,,,,,,,,,,,,,,
78.4744,17.3753,721,Haze,haze,50d,stations,299.38,299.38,298.88,299.38,1015,34,1015,952,5000.0,2.06,0,0,2024-12-15 12:07:53+05:30,1.0,9214.0,IN,2024-12-15 06:38:29+05:30,2024-12-15 17:44:14+05:30,19800,1269843,Hyderabad,200,,,,,,,,,,,,,,,,
77.2167,28.6667,721,Haze,haze,50d,stations,292.2,291.05,292.2,292.2,1019,34,1019,993,2500.0,1.54,240,0,2024-12-15 12:13:32+05:30,1.0,9165.0,IN,2024-12-15 07:06:35+05:30,2024-12-15 17:26:12+05:30,19800,1273294,Delhi,200,,,,,,,,,,,,,,,,
72.0,23.0,800,Clear,clear sky,01d,stations,300.06,298.99,300.06,300.06,1017,12,1017,1015,10000.0,4.38,74,0,2024-12-15 12:19:17+05:30,,,IN,2024-12-15 07:15:22+05:30,2024-12-15 17:59:10+05:30,19800,1270770,Gujarat,200,4.56,,,,,,,,,,,,,,,
74.8833,12.8667,721,Haze,haze,50d,stations,302.63,303.19,302.63,302.63,1012,48,1012,1008,5000.0,3.09,60,19,2024-12-15 12:19:18+05:30,1.0,9217.0,IN,2024-12-15 06:44:34+05:30,2024-12-15 18:06:54+05:30,19800,1263780,Mangalore,200,,,,,,,,,,,,,,,,
93.0,26.0,800,Clear,clear sky,01d,stations,295.83,295.56,295.83,295.83,1016,54,1016,1004,10000.0,0.26,182,0,2024-12-15 12:14:22+05:30,,,IN,2024-12-15 05:57:35+05:30,2024-12-15 16:28:54+05:30,19800,1278253,Assam,200,0.91,,,,,,,,,,,,,,,
74.8167,34.0833,804,Clouds,overcast clouds,04d,stations,280.61,279.79,280.61,280.61,1026,22,1026,836,10000.0,1.6,275,100,2024-12-15 12:19:19+05:30,,,IN,2024-12-15 07:29:08+05:30,2024-12-15 17:22:51+05:30,19800,1255634,Srinagar,200,1.06,,,,,,,,,,,,,,,
79.4167,28.35,800,Clear,clear sky,01d,stations,294.21,293.0,294.21,294.21,1019,24,1019,999,10000.0,1.78,120,0,2024-12-15 12:15:15+05:30,,,IN,2024-12-15 06:57:04+05:30,2024-12-15 17:18:07+05:30,19800,1277013,Bareilly,200,1.41,,,,,,,,,,,,,,,
91.3333,25.5,800,Clear,clear sky,01d,stations,293.48,291.99,293.48,293.48,1015,16,1015,856,10000.0,1.95,233,0,2024-12-15 12:19:21+05:30,,,IN,2024-12-15 06:03:11+05:30,2024-12-15 16:36:38+05:30,19800,1263207,State of Meghālaya,200,2.22,,,,,,,,,,,,,,,
77.6033,12.9762,802,Clouds,scattered clouds,03n,stations,295.59,295.4,294.05,295.95,1013,58,1013,915,6000.0,2.57,50,40,2024-12-16 18:37:35+05:30,1.0,9205.0,IN,2024-12-16 06:34:24+05:30,2024-12-16 17:56:14+05:30,19800,1277333,Bengaluru,200,,,,,,,,,,,,,,,,
72.8479,19.0144,711,Smoke,smoke,50n,stations,302.14,301.14,300.09,302.14,1011,32,1011,1011,3000.0,2.57,300,0,2024-12-16 18:39:38+05:30,1.0,9052.0,IN,2024-12-16 07:04:40+05:30,2024-12-16 18:04:02+05:30,19800,1275339,Mumbai,200,,,,,,,,,,,,,,,,
78.4744,17.3753,721,Haze,haze,50n,stations,296.38,295.75,294.88,296.38,1014,38,1014,950,5000.0,2.57,100,20,2024-12-16 18:39:55+05:30,1.0,9214.0,IN,2024-12-16 06:39:01+05:30,2024-12-16 17:44:38+05:30,19800,1269843,Hyderabad,200,,,,,,,,,,,,,,,,
77.2167,28.6667,721,Haze,haze,50n,stations,289.2,288.3,289.2,289.2,1016,55,1016,990,2500.0,1.03,270,0,2024-12-16 18:36:27+05:30,1.0,9165.0,IN,2024-12-16 07:07:10+05:30,2024-12-16 17:26:33+05:30,19800,1273294,Delhi,200,,,,,,,,,,,,,,,,
72.0,23.0,800,Clear,clear sky,01n,stations,295.34,294.22,295.34,295.34,1013,23,1013,1011,10000.0,3.01,337,0,2024-12-16 18:43:07+05:30,,,IN,2024-12-16 07:15:56+05:30,2024-12-16 17:59:33+05:30,19800,1270770,Gujarat,200,3.26,,,,,,,,,,,,,,,
74.8833,12.8667,721,Haze,haze,50n,stations,301.63,302.6,301.63,301.63,1010,54,1010,1007,5000.0,2.57,320,5,2024-12-16 18:39:53+05:30,1.0,9217.0,IN,2024-12-16 06:45:05+05:30,2024-12-16 18:07:19+05:30,19800,1263780,Mangalore,200,,,,,,,,,,,,,,,,
93.0,26.0,800,Clear,clear sky,01n,stations,289.81,289.44,289.81,289.81,1015,73,1015,1004,10000.0,0.92,59,0,2024-12-16 18:43:08+05:30,,,IN,2024-12-16 05:58:09+05:30,2024-12-16 16:29:16+05:30,19800,1278253,Assam,200,1.02,,,,,,,,,,,,,,,
74.8167,34.0833,800,Clear,clear sky,01n,stations,279.55,279.55,279.55,279.55,1019,24,1019,831,10000.0,1.08,48,0,2024-12-16 18:40:17+05:30,,,IN,2024-12-16 07:29:46+05:30,2024-12-16 17:23:10+05:30,19800,1255634,Srinagar,200,1.39,,,,,,,,,,,,,,,
79.4167,28.35,800,Clear,clear sky,01n,stations,290.07,288.6,290.07,290.07,1015,30,1015,995,10000.0,1.82,270,0,2024-12-16 18:42:47+05:30,,,IN,2024-12-16 06:57:39+05:30,2024-12-16 17:18:28+05:30,19800,1277013,Bareilly,200,1.87,,,,,,,,,,,,,,,
91.3333,25.5,800,Clear,clear sky,01n,stations,282.4,281.42,282.4,282.4,1018,45,1018,856,10000.0,2.06,82,0,2024-12-16 18:43:10+05:30,,,IN,2024-12-16 06:03:45+05:30,2024-12-16 16:37:00+05:30,19800,1263207,State of Meghālaya,200,1.79,,,,,,,,,,,,,,,
77.6033,12.9762,802,Clouds,scattered clouds,03n,stations,296.26,296.74,295.65,296.95,1011,81,1011,913,6000.0,1.54,360,40,2024-12-18 18:29:48+05:30,1.0,9205.0,IN,2024-12-18 06:35:25+05:30,2024-12-18 17:57:06+05:30,19800,1277333,Bengaluru,200,,,,,,,,,,,,,,,,
72.8479,19.0144,711,Smoke,smoke,50n,stations,300.14,301.01,299.09,300.14,1010,57,1010,1009,1800.0,2.06,310,5,2024-12-18 18:41:09+05:30,1.0,9052.0,IN,2024-12-18 07:05:43+05:30,2024-12-18 18:04:52+05:30,19800,1275339,Mumbai,200,,,,,,,,,,,,,,,,
78.4744,17.3753,721,Haze,haze,50n,stations,296.38,295.88,296.38,298.88,1011,43,1011,948,5000.0,5.14,60,20,2024-12-18 18:36:03+05:30,1.0,9214.0,IN,2024-12-18 06:40:04+05:30,2024-12-18 17:45:29+05:30,19800,1269843,Hyderabad,200,,,,,,,,,,,,,,,,
77.2167,28.6667,721,Haze,haze,50n,stations,290.2,289.5,290.2,290.2,1014,59,1014,988,1300.0,0.0,0,0,2024-12-18 18:30:50+05:30,1.0,9165.0,IN,2024-12-18 07:08:18+05:30,2024-12-18 17:27:19+05:30,19800,1273294,Delhi,200,,,,,,,,,,,,,,,,
72.0,23.0,800,Clear,clear sky,01n,stations,294.12,293.16,294.12,294.12,1011,34,1011,1009,10000.0,4.3,307,0,2024-12-18 18:39:26+05:30,,,IN,2024-12-18 07:17:01+05:30,2024-12-18 18:00:21+05:30,19800,1270770,Gujarat,200,5.28,,,,,,,,,,,,,,,
74.8833,12.8667,721,Haze,haze,50n,stations,300.63,302.74,300.63,300.63,1009,69,1009,1005,3000.0,3.09,290,17,2024-12-18 18:39:48+05:30,1.0,9217.0,IN,2024-12-18 06:46:06+05:30,2024-12-18 18:08:11+05:30,19800,1263780,Mangalore,200,,,,,,,,,,,,,,,,
93.0,26.0,800,Clear,clear sky,01n,stations,291.28,291.0,291.28,291.28,1014,71,1014,1003,10000.0,1.27,164,3,2024-12-18 18:37:40+05:30,,,IN,2024-12-18 05:59:16+05:30,2024-12-18 16:30:03+05:30,19800,1278253,Assam,200,1.35,,,,,,,,,,,,,,,
74.8167,34.0833,804,Clouds,overcast clouds,04n,stations,277.61,277.61,277.61,277.61,1020,17,1020,830,10000.0,0.35,335,100,2024-12-18 18:41:55+05:30,,,IN,2024-12-18 07:30:56+05:30,2024-12-18 17:23:53+05:30,19800,1255634,Srinagar,200,0.79,,,,,,,,,,,,,,,
79.4167,28.35,800,Clear,clear sky,01n,stations,290.31,288.97,290.31,290.31,1014,34,1014,994,10000.0,2.33,265,6,2024-12-18 18:37:43+05:30,,,IN,2024-12-18 06:58:47+05:30,2024-12-18 17:19:14+05:30,19800,1277013,Bareilly,200,2.33,,,,,,,,,,,,,,,
91.3333,25.5,801,Clouds,few clouds,02n,stations,281.22,280.14,281.22,281.22,1017,77,1017,855,10000.0,1.95,85,14,2024-12-18 18:41:57+05:30,,,IN,2024-12-18 06:04:52+05:30,2024-12-18 16:37:47+05:30,19800,1263207,State of Meghālaya,200,1.75,,,,,,,,,,,,,,,
77.6033,12.9762,803,Clouds,broken clouds,04n,stations,297.69,298.29,296.05,298.63,1011,80,1011,914,6000.0,1.54,40,75,2024-12-19 19:35:32+05:30,1.0,9205.0,IN,2024-12-19 06:35:55+05:30,2024-12-19 17:57:34+05:30,19800,1277333,Bengaluru,200,,,,,,,,,,,,,,,,
72.8479,19.0144,721,Haze,haze,50n,stations,298.14,298.6,298.14,298.14,1011,73,1011,1011,2200.0,2.06,310,20,2024-12-19 19:37:13+05:30,1.0,9052.0,IN,2024-12-19 07:06:14+05:30,2024-12-19 18:05:18+05:30,19800,1275339,Mumbai,200,,,,,,,,,,,,,,,,
78.4744,17.3753,721,Haze,haze,50n,stations,299.38,299.38,298.88,299.38,1012,57,1012,948,5000.0,2.57,100,75,2024-12-19 19:36:40+05:30,1.0,9214.0,IN,2024-12-19 06:40:35+05:30,2024-12-19 17:45:56+05:30,19800,1269843,Hyderabad,200,,,,,,,,,,,,,,,,
77.2167,28.6667,721,Haze,haze,50n,stations,290.2,289.4,290.2,290.2,1015,55,1015,989,2500.0,1.03,150,0,2024-12-19 19:32:56+05:30,1.0,9165.0,IN,2024-12-19 07:08:50+05:30,2024-12-19 17:27:44+05:30,19800,1273294,Delhi,200,,,,,,,,,,,,,,,,
72.0,23.0,802,Clouds,scattered clouds,03n,stations,293.15,292.17,293.15,293.15,1012,37,1012,1009,10000.0,4.69,313,50,2024-12-19 19:41:15+05:30,,,IN,2024-12-19 07:17:32+05:30,2024-12-19 18:00:47+05:30,19800,1270770,Gujarat,200,6.3,,,,,,,,,,,,,,,
74.8833,12.8667,721,Haze,haze,50n,stations,300.63,303.28,300.63,300.63,1010,74,1010,1007,5000.0,2.57,320,99,2024-12-19 19:41:16+05:30,1.0,9217.0,IN,2024-12-19 06:46:36+05:30,2024-12-19 18:08:39+05:30,19800,1263780,Mangalore,200,,,,,,,,,,,,,,,,
93.0,26.0,802,Clouds,scattered clouds,03n,stations,290.54,290.27,290.54,290.54,1015,74,1015,1003,10000.0,1.26,157,32,2024-12-19 19:41:17+05:30,,,IN,2024-12-19 05:59:48+05:30,2024-12-19 16:30:28+05:30,19800,1278253,Assam,200,1.42,,,,,,,,,,,,,,,
74.8167,34.0833,800,Clear,clear sky,01n,stations,277.52,277.52,277.52,277.52,1019,20,1019,830,10000.0,1.13,54,0,2024-12-19 19:40:43+05:30,,,IN,2024-12-19 07:31:30+05:30,2024-12-19 17:24:17+05:30,19800,1255634,Srinagar,200,1.34,,,,,,,,,,,,,,,
79.4167,28.35,800,Clear,clear sky,01n,stations,289.05,287.56,289.05,289.05,1015,33,1015,995,10000.0,1.34,135,0,2024-12-19 19:40:14+05:30,,,IN,2024-12-19 06:59:19+05:30,2024-12-19 17:19:39+05:30,19800,1277013,Bareilly,200,1.39,,,,,,,,,,,,,,,
91.3333,25.5,800,Clear,clear sky,01n,stations,280.92,279.89,280.92,280.92,1018,86,1018,856,10000.0,1.85,87,0,2024-12-19 19:41:20+05:30,,,IN,2024-12-19 06:05:24+05:30,2024-12-19 16:38:13+05:30,19800,1263207,State of Meghālaya,200,1.67,,,,,,,,,,,,,,,
77.6033,12.9762,804,Clouds,overcast clouds,04n,stations,297.37,297.83,296.76,297.77,1010,76,1010,913,10000.0,2.56,11,99,2024-12-20 18:30:19+05:30,2.0,2094842.0,IN,2024-12-20 06:36:25+05:30,2024-12-20 17:58:01+05:30,19800,1277333,Bengaluru,200,4.82,,,,,,,,,,,,,,,
72.8479,19.0144,711,Smoke,smoke,50n,stations,299.14,299.14,298.09,299.14,1010,50,1010,1009,2100.0,3.6,290,20,2024-12-20 18:25:02+05:30,1.0,9052.0,IN,2024-12-20 07:06:44+05:30,2024-12-20 18:05:45+05:30,19800,1275339,Mumbai,200,,,,,,,,,,,,,,,,
78.4744,17.3753,721,Haze,haze,50n,stations,301.38,301.96,299.88,301.38,1010,51,1010,947,5000.0,2.57,50,75,2024-12-20 18:25:31+05:30,1.0,9214.0,IN,2024-12-20 06:41:05+05:30,2024-12-20 17:46:23+05:30,19800,1269843,Hyderabad,200,,,,,,,,,,,,,,,,
77.2167,28.6667,711,Smoke,smoke,50n,stations,292.2,291.6,292.2,292.2,1013,55,1013,988,1600.0,1.54,320,0,2024-12-20 18:25:26+05:30,1.0,9165.0,IN,2024-12-20 07:09:21+05:30,2024-12-20 17:28:11+05:30,19800,1273294,Delhi,200,,,,,,,,,,,,,,,,
72.0,23.0,801,Clouds,few clouds,02n,stations,293.81,292.85,293.81,293.81,1011,35,1011,1009,10000.0,4.62,281,13,2024-12-20 18:30:49+05:30,,,IN,2024-12-20 07:18:03+05:30,2024-12-20 18:01:14+05:30,19800,1270770,Gujarat,200,6.07,,,,,,,,,,,,,,,
74.8833,12.8667,721,Haze,haze,50n,stations,301.63,303.47,301.63,301.63,1009,61,1009,1006,4000.0,3.6,320,100,2024-12-20 18:30:15+05:30,1.0,9217.0,IN,2024-12-20 06:47:06+05:30,2024-12-20 18:09:06+05:30,19800,1263780,Mangalore,200,,,,,,,,,,,,,,,,
93.0,26.0,804,Clouds,overcast clouds,04n,stations,290.87,290.6,290.87,290.87,1013,73,1013,1002,10000.0,0.19,96,100,2024-12-20 18:30:46+05:30,,,IN,2024-12-20 06:00:19+05:30,2024-12-20 16:30:55+05:30,19800,1278253,Assam,200,0.64,,,,,,,,,,,,,,,
74.8167,34.0833,800,Clear,clear sky,01n,stations,277.5,277.5,277.5,277.5,1019,17,1019,830,10000.0,0.94,57,0,2024-12-20 18:26:56+05:30,,,IN,2024-12-20 07:32:01+05:30,2024-12-20 17:24:43+05:30,19800,1255634,Srinagar,200,1.1,,,,,,,,,,,,,,,
79.4167,28.35,800,Clear,clear sky,01n,stations,290.85,289.51,290.85,290.85,1013,32,1013,993,10000.0,2.32,283,0,2024-12-20 18:30:53+05:30,,,IN,2024-12-20 06:59:50+05:30,2024-12-20 17:20:05+05:30,19800,1277013,Bareilly,200,2.3,,,,,,,,,,,,,,,
91.3333,25.5,804,Clouds,overcast clouds,04n,stations,280.57,279.98,280.57,280.57,1016,77,1016,854,10000.0,1.4,88,100,2024-12-20 18:30:54+05:30,,,IN,2024-12-20 06:05:55+05:30,2024-12-20 16:38:39+05:30,19800,1263207,State of Meghālaya,200,1.25,,,,,,,,,,,,,,,
77.6033,12.9762,701,Mist,mist,50d,stations,296.15,296.67,295.43,297.21,1014,83,1014,916,3000.0,1.54,80,40,2024-12-22 09:03:19+05:30,1.0,9205.0,IN,2024-12-22 06:37:23+05:30,2024-12-22 17:58:59+05:30,19800,1277333,Bengaluru,200,,,,,,,,,,,,,,,,
72.8479,19.0144,804,Clouds,overcast clouds,04d,stations,296.45,296.85,296.45,296.45,1014,77,1014,1013,10000.0,1.93,187,100,2024-12-22 09:05:33+05:30,,,IN,2024-12-22 07:07:43+05:30,2024-12-22 18:06:42+05:30,19800,1275339,Mumbai,200,2.32,,,,,,,,,,,,,,,
78.4744,17.3753,701,Mist,mist,50d,stations,296.38,296.8,294.88,296.38,1015,78,1015,951,4000.0,4.63,80,40,2024-12-22 09:06:32+05:30,1.0,9214.0,IN,2024-12-22 06:42:04+05:30,2024-12-22 17:47:20+05:30,19800,1269843,Hyderabad,200,,,,,,,,,,,,,,,,
77.2167,28.6667,741,Fog,fog,50d,stations,284.2,283.63,284.2,284.2,1018,87,1018,992,600.0,0.0,0,20,2024-12-22 09:09:36+05:30,1.0,9165.0,IN,2024-12-22 07:10:20+05:30,2024-12-22 17:29:07+05:30,19800,1273294,Delhi,200,,,,,,,,,,,,,,,,
72.0,23.0,800,Clear,clear sky,01d,stations,294.5,293.76,294.5,294.5,1014,41,1014,1011,10000.0,2.87,118,7,2024-12-22 09:10:03+05:30,,,IN,2024-12-22 07:19:02+05:30,2024-12-22 18:02:11+05:30,19800,1270770,Gujarat,200,3.28,,,,,,,,,,,,,,,
74.8833,12.8667,701,Mist,mist,50d,stations,297.63,298.3,297.63,297.63,1014,83,1014,1010,3000.0,1.54,70,20,2024-12-22 09:10:04+05:30,1.0,9217.0,IN,2024-12-22 06:48:04+05:30,2024-12-22 18:10:04+05:30,19800,1263780,Mangalore,200,,,,,,,,,,,,,,,,
93.0,26.0,800,Clear,clear sky,01d,stations,291.66,291.16,291.66,291.66,1019,61,1019,1008,10000.0,0.85,159,0,2024-12-22 09:10:04+05:30,,,IN,2024-12-22 06:01:18+05:30,2024-12-22 16:31:51+05:30,19800,1278253,Assam,200,0.92,,,,,,,,,,,,,,,
74.8167,34.0833,804,Clouds,overcast clouds,04d,stations,277.05,277.05,277.05,277.05,1023,20,1023,832,10000.0,0.94,276,100,2024-12-22 09:10:05+05:30,,,IN,2024-12-22 07:33:01+05:30,2024-12-22 17:25:39+05:30,19800,1255634,Srinagar,200,0.57,,,,,,,,,,,,,,,
79.4167,28.35,804,Clouds,overcast clouds,04d,stations,289.29,287.64,289.29,289.29,1018,26,1018,998,10000.0,1.41,349,85,2024-12-22 09:10:06+05:30,,,IN,2024-12-22 07:00:49+05:30,2024-12-22 17:21:02+05:30,19800,1277013,Bareilly,200,1.32,,,,,,,,,,,,,,,
91.3333,25.5,800,Clear,clear sky,01d,stations,288.63,286.96,288.63,288.63,1018,28,1018,857,10000.0,0.34,233,0,2024-12-22 09:10:07+05:30,,,IN,2024-12-22 06:06:53+05:30,2024-12-22 16:39:36+05:30,19800,1263207,State of Meghālaya,200,1.14,,,,,,,,,,,,,,,
77.6033,12.9762,802,Clouds,scattered clouds,03d,stations,299.65,299.65,298.77,300.09,1009,66,1009,913,6000.0,2.57,110,40,2024-12-22 17:05:13+05:30,1.0,9205.0,IN,2024-12-22 06:37:23+05:30,2024-12-22 17:58:59+05:30,19800,1277333,Bengaluru,200,,,,,,,,,,,,,,,,
72.8479,19.0144,804,Clouds,overcast clouds,04d,stations,297.62,297.9,297.62,297.62,1011,68,1011,1010,10000.0,5.4,273,95,2024-12-22 16:56:01+05:30,,,IN,2024-12-22 07:07:43+05:30,2024-12-22 18:06:42+05:30,19800,1275339,Mumbai,200,5.65,,,,,,,,,,,,,,,
78.4744,17.3753,721,Haze,haze,50d,stations,300.38,300.79,299.88,300.38,1010,50,1010,947,5000.0,6.17,60,20,2024-12-22 17:05:23+05:30,1.0,9214.0,IN,2024-12-22 06:42:04+05:30,2024-12-22 17:47:20+05:30,19800,1269843,Hyderabad,200,,,,,,,,,,,,,,,,
77.2167,28.6667,721,Haze,haze,50d,stations,294.2,293.48,294.2,294.2,1013,43,1013,988,1500.0,2.57,140,0,2024-12-22 17:05:17+05:30,1.0,9165.0,IN,2024-12-22 07:10:20+05:30,2024-12-22 17:29:07+05:30,19800,1273294,Delhi,200,,,,,,,,,,,,,,,,
72.0,23.0,803,Clouds,broken clouds,04d,stations,299.91,300.13,299.91,299.91,1010,46,1010,1007,10000.0,4.94,176,55,2024-12-22 17:09:25+05:30,,,IN,2024-12-22 07:19:02+05:30,2024-12-22 18:02:11+05:30,19800,1270770,Gujarat,200,6.74,,,,,,,,,,,,,,,
74.8833,12.8667,801,Clouds,few clouds,02d,stations,301.63,302.95,301.63,301.63,1010,57,1010,1006,6000.0,3.09,260,20,2024-12-22 17:09:25+05:30,1.0,9217.0,IN,2024-12-22 06:48:04+05:30,2024-12-22 18:10:04+05:30,19800,1263780,Mangalore,200,,,,,,,,,,,,,,,,
93.0,26.0,800,Clear,clear sky,01n,stations,290.24,289.7,290.24,290.24,1014,65,1014,1003,10000.0,1.18,43,0,2024-12-22 17:09:25+05:30,,,IN,2024-12-22 06:01:18+05:30,2024-12-22 16:31:51+05:30,19800,1278253,Assam,200,1.29,,,,,,,,,,,,,,,
74.8167,34.0833,804,Clouds,overcast clouds,04d,stations,279.44,279.44,279.44,279.44,1016,15,1016,828,10000.0,0.41,345,100,2024-12-22 17:06:19+05:30,,,IN,2024-12-22 07:33:01+05:30,2024-12-22 17:25:39+05:30,19800,1255634,Srinagar,200,0.4,,,,,,,,,,,,,,,
79.4167,28.35,800,Clear,clear sky,01d,stations,290.41,288.87,290.41,290.41,1014,26,1014,994,10000.0,1.03,267,1,2024-12-22 17:09:25+05:30,,,IN,2024-12-22 07:00:49+05:30,2024-12-22 17:21:02+05:30,19800,1277013,Bareilly,200,1.05,,,,,,,,,,,,,,,
91.3333,25.5,800,Clear,clear sky,01n,stations,280.87,279.95,280.87,280.87,1016,87,1016,855,10000.0,1.73,56,1,2024-12-22 17:09:25+05:30,,,IN,2024-12-22 06:06:53+05:30,2024-12-22 16:39:36+05:30,19800,1263207,State of Meghālaya,200,1.62,,,,,,,,,,,,,,,
77.6033,12.9762,804,Clouds,overcast clouds,04d,stations,299.04,299.46,298.21,300.05,1010,68,1010,913,10000.0,2.47,129,89,2024-12-23 16:03:30+05:30,2.0,2032888.0,IN,2024-12-23 06:37:52+05:30,2024-12-23 17:59:28+05:30,19800,1277333,Bengaluru,200,2.56,,,,,,,,,,,,,,,
72.8479,19.0144,711,Smoke,smoke,50d,stations,300.14,301.29,299.09,300.14,1011,61,1011,1010,2500.0,4.63,320,40,2024-12-23 15:55:12+05:30,1.0,9052.0,IN,2024-12-23 07:08:11+05:30,2024-12-23 18:07:12+05:30,19800,1275339,Mumbai,200,,,,,,,,,,,,,,,,
78.4744,17.3753,721,Haze,haze,50d,stations,302.38,302.19,302.38,302.88,1010,42,1010,947,5000.0,2.57,30,20,2024-12-23 15:53:51+05:30,1.0,9214.0,IN,2024-12-23 06:42:32+05:30,2024-12-23 17:47:50+05:30,19800,1269843,Hyderabad,200,,,,,,,,,,,,,,,,
77.2167,28.6667,711,Smoke,smoke,50d,stations,291.2,290.5,291.2,291.2,1016,55,1016,990,900.0,2.57,50,75,2024-12-23 16:02:35+05:30,1.0,9165.0,IN,2024-12-23 07:10:48+05:30,2024-12-23 17:29:37+05:30,19800,1273294,Delhi,200,,,,,,,,,,,,,,,,
72.0,23.0,800,Clear,clear sky,01d,stations,298.8,298.18,298.8,298.8,1012,29,1012,1009,10000.0,5.71,302,0,2024-12-23 15:58:27+05:30,,,IN,2024-12-23 07:19:29+05:30,2024-12-23 18:02:41+05:30,19800,1270770,Gujarat,200,4.67,,,,,,,,,,,,,,,
74.8833,12.8667,721,Haze,haze,50d,stations,301.63,302.95,301.63,301.63,1009,57,1009,1006,5000.0,3.09,260,40,2024-12-23 16:04:12+05:30,1.0,9217.0,IN,2024-12-23 06:48:33+05:30,2024-12-23 18:10:33+05:30,19800,1263780,Mangalore,200,,,,,,,,,,,,,,,,
93.0,26.0,802,Clouds,scattered clouds,03d,stations,291.24,290.75,291.24,291.24,1013,63,1013,1002,10000.0,0.92,27,32,2024-12-23 16:04:12+05:30,,,IN,2024-12-23 06:01:45+05:30,2024-12-23 16:32:21+05:30,19800,1278253,Assam,200,1.07,,,,,,,,,,,,,,,
74.8167,34.0833,804,Clouds,overcast clouds,04d,stations,281.08,280.54,281.08,281.08,1017,14,1017,829,10000.0,1.41,156,100,2024-12-23 16:01:55+05:30,,,IN,2024-12-23 07:33:28+05:30,2024-12-23 17:26:10+05:30,19800,1255634,Srinagar,200,1.41,,,,,,,,,,,,,,,
79.4167,28.35,802,Clouds,scattered clouds,03d,stations,294.28,293.15,294.28,294.28,1015,27,1015,995,10000.0,0.37,316,28,2024-12-23 16:04:12+05:30,,,IN,2024-12-23 07:01:17+05:30,2024-12-23 17:21:32+05:30,19800,1277013,Bareilly,200,0.54,,,,,,,,,,,,,,,
91.3333,25.5,800,Clear,clear sky,01d,stations,282.47,282.47,282.47,282.47,1015,66,1015,854,10000.0,0.84,217,5,2024-12-23 16:04:12+05:30,,,IN,2024-12-23 06:07:21+05:30,2024-12-23 16:40:06+05:30,19800,1263207,State of Meghālaya,200,0.92,,,,,,,,,,,,,,,
77.6033,12.9762,801,Clouds,few clouds,02d,stations,299.78,299.78,298.9,300.58,1012,57,1012,914,10000.0,1.22,5,12,2024-12-24 12:33:00+05:30,2.0,2032888.0,IN,2024-12-24 06:38:19+05:30,2024-12-24 17:59:58+05:30,19800,1277333,Bengaluru,200,1.54,,,,,,,,,,,,,,,
72.8479,19.0144,711,Smoke,smoke,50d,stations,300.14,300.81,299.09,300.14,1012,54,1012,1012,1800.0,3.6,280,40,2024-12-24 12:35:42+05:30,1.0,9052.0,IN,2024-12-24 07:08:38+05:30,2024-12-24 18:07:43+05:30,19800,1275339,Mumbai,200,,,,,,,,,,,,,,,,
78.4744,17.3753,721,Haze,haze,50d,stations,299.38,299.38,299.38,300.88,1012,50,1012,949,5000.0,5.66,80,75,2024-12-24 12:36:25+05:30,1.0,9214.0,IN,2024-12-24 06:42:59+05:30,2024-12-24 17:48:20+05:30,19800,1269843,Hyderabad,200,,,,,,,,,,,,,,,,
77.2167,28.6667,721,Haze,haze,50d,stations,290.2,289.5,290.2,290.2,1017,59,1017,991,1300.0,2.57,70,75,2024-12-24 12:32:41+05:30,1.0,9165.0,IN,2024-12-24 07:11:14+05:30,2024-12-24 17:30:09+05:30,19800,1273294,Delhi,200,,,,,,,,,,,,,,,,
72.0,23.0,800,Clear,clear sky,01d,stations,298.11,297.24,298.11,298.11,1015,22,1015,1012,10000.0,4.01,348,0,2024-12-24 12:34:18+05:30,,,IN,2024-12-24 07:19:56+05:30,2024-12-24 18:03:12+05:30,19800,1270770,Gujarat,200,3.78,,,,,,,,,,,,,,,
74.8833,12.8667,802,Clouds,scattered clouds,03d,stations,302.63,304.68,302.63,302.63,1011,58,1011,1008,8000.0,2.06,240,40,2024-12-24 12:36:46+05:30,1.0,9217.0,IN,2024-12-24 06:49:00+05:30,2024-12-24 18:11:03+05:30,19800,1263780,Mangalore,200,,,,,,,,,,,,,,,,
93.0,26.0,800,Clear,clear sky,01d,stations,295.7,295.26,295.7,295.7,1014,48,1014,1003,10000.0,0.59,237,0,2024-12-24 12:36:46+05:30,,,IN,2024-12-24 06:02:12+05:30,2024-12-24 16:32:53+05:30,19800,1278253,Assam,200,0.5,,,,,,,,,,,,,,,
74.8167,34.0833,800,Clear,clear sky,01d,stations,279.82,278.89,279.82,279.82,1023,22,1023,832,10000.0,1.59,250,0,2024-12-24 12:36:46+05:30,,,IN,2024-12-24 07:33:53+05:30,2024-12-24 17:26:42+05:30,19800,1255634,Srinagar,200,1.15,,,,,,,,,,,,,,,
79.4167,28.35,804,Clouds,overcast clouds,04d,stations,293.19,292.14,293.19,293.19,1017,34,1017,997,10000.0,1.48,146,100,2024-12-24 12:36:47+05:30,,,IN,2024-12-24 07:01:43+05:30,2024-12-24 17:22:04+05:30,19800,1277013,Bareilly,200,1.97,,,,,,,,,,,,,,,
91.3333,25.5,800,Clear,clear sky,01d,stations,291.26,289.52,291.26,291.26,1014,15,1014,855,10000.0,3.02,236,0,2024-12-24 12:36:47+05:30,,,IN,2024-12-24 06:07:48+05:30,2024-12-24 16:40:37+05:30,19800,1263207,State of Meghālaya,200,2.44,,,,,,,,,,,,,,,
77.6033,12.9762,803,Clouds,broken clouds,04n,stations,294.44,294.79,293.98,294.99,1016,83,1016,918,10000.0,4.22,42,55,2024-12-25 22:06:43+05:30,2.0,2094842.0,IN,2024-12-25 06:38:47+05:30,2024-12-25 18:00:28+05:30,19800,1277333,Bengaluru,200,7.46,,,,,,,,,,,,,,,
72.8479,19.0144,711,Smoke,smoke,50n,stations,298.14,298.08,298.14,298.14,1015,53,1015,1015,2500.0,2.06,350,0,2024-12-25 22:00:15+05:30,1.0,9052.0,IN,2024-12-25 07:09:05+05:30,2024-12-25 18:08:14+05:30,19800,1275339,Mumbai,200,,,,,,,,,,,,,,,,
78.4744,17.3753,701,Mist,mist,50n,stations,293.38,293.91,293.38,293.88,1017,94,1017,953,5000.0,4.12,80,75,2024-12-25 22:07:57+05:30,1.0,9214.0,IN,2024-12-25 06:43:26+05:30,2024-12-25 17:48:51+05:30,19800,1269843,Hyderabad,200,,,,,,,,,,,,,,,,
77.2167,28.6667,701,Mist,mist,50n,stations,287.2,286.96,287.2,287.2,1020,88,1020,994,2100.0,1.03,250,0,2024-12-25 22:09:27+05:30,1.0,9165.0,IN,2024-12-25 07:11:39+05:30,2024-12-25 17:30:41+05:30,19800,1273294,Delhi,200,,,,,,,,,,,,,,,,
72.0,23.0,800,Clear,clear sky,01n,stations,292.95,292.29,292.95,292.95,1016,50,1016,1014,10000.0,3.7,357,0,2024-12-25 22:09:27+05:30,,,IN,2024-12-25 07:20:22+05:30,2024-12-25 18:03:43+05:30,19800,1270770,Gujarat,200,4.61,,,,,,,,,,,,,,,
74.8833,12.8667,701,Mist,mist,50n,stations,299.63,299.63,299.63,299.63,1014,73,1014,1010,5000.0,1.54,360,8,2024-12-25 22:06:07+05:30,1.0,9217.0,IN,2024-12-25 06:49:28+05:30,2024-12-25 18:11:33+05:30,19800,1263780,Mangalore,200,,,,,,,,,,,,,,,,
93.0,26.0,800,Clear,clear sky,01n,stations,287.94,287.56,287.94,287.94,1019,80,1019,1008,10000.0,1.52,158,5,2024-12-25 22:09:27+05:30,,,IN,2024-12-25 06:02:38+05:30,2024-12-25 16:33:25+05:30,19800,1278253,Assam,200,1.49,,,,,,,,,,,,,,,
74.8167,34.0833,800,Clear,clear sky,01n,stations,274.47,272.49,274.47,274.47,1029,19,1029,837,10000.0,1.79,356,1,2024-12-25 22:09:27+05:30,,,IN,2024-12-25 07:34:18+05:30,2024-12-25 17:27:16+05:30,19800,1255634,Srinagar,200,1.8,,,,,,,,,,,,,,,
79.4167,28.35,800,Clear,clear sky,01n,stations,288.85,287.89,288.85,288.85,1020,54,1020,1000,10000.0,2.3,298,0,2024-12-25 22:09:28+05:30,,,IN,2024-12-25 07:02:08+05:30,2024-12-25 17:22:36+05:30,19800,1277013,Bareilly,200,2.42,,,,,,,,,,,,,,,
91.3333,25.5,800,Clear,clear sky,01n,stations,281.95,281.42,281.95,281.95,1021,61,1021,859,10000.0,1.51,64,0,2024-12-25 22:09:28+05:30,,,IN,2024-12-25 06:08:14+05:30,2024-12-25 16:41:09+05:30,19800,1263207,State of Meghālaya,200,1.34,,,,,,,,,,,,,,,
77.6033,12.9762,802,Clouds,scattered clouds,03d,stations,294.19,294.65,293.05,294.88,1018,88,1018,920,10000.0,4.22,57,46,2024-12-26 09:02:55+05:30,2.0,2094842.0,IN,2024-12-26 06:39:13+05:30,2024-12-26 18:00:59+05:30,19800,1277333,Bengaluru,200,6.15,,,,,,,,,,,,,,,
72.8479,19.0144,721,Haze,haze,50d,stations,297.14,297.16,297.14,298.09,1017,60,1017,1016,1200.0,1.54,110,1,2024-12-26 09:06:57+05:30,1.0,9052.0,IN,2024-12-26 07:09:30+05:30,2024-12-26 18:08:46+05:30,19800,1275339,Mumbai,200,,,,,,,,,,,,,,,,
78.4744,17.3753,300,Drizzle,light intensity drizzle,09d,stations,294.38,295.01,293.88,294.38,1019,94,1019,955,4000.0,4.63,90,100,2024-12-26 09:06:17+05:30,1.0,9214.0,IN,2024-12-26 06:43:52+05:30,2024-12-26 17:49:22+05:30,19800,1269843,Hyderabad,200,,,,,,,,,,,,,,,,
77.2167,28.6667,741,Fog,fog,50d,stations,283.2,282.87,283.2,283.2,1023,100,1023,997,400.0,1.54,240,0,2024-12-26 09:07:50+05:30,1.0,9165.0,IN,2024-12-26 07:12:03+05:30,2024-12-26 17:31:15+05:30,19800,1273294,Delhi,200,,,,,,,,,,,,,,,,
72.0,23.0,800,Clear,clear sky,01d,stations,295.08,294.74,295.08,295.08,1018,54,1018,1016,10000.0,3.03,41,8,2024-12-26 09:09:39+05:30,,,IN,2024-12-26 07:20:47+05:30,2024-12-26 18:04:16+05:30,19800,1270770,Gujarat,200,3.74,,,,,,,,,,,,,,,
74.8833,12.8667,701,Mist,mist,50d,stations,298.63,299.27,298.63,298.63,1016,78,1016,1012,5000.0,2.06,90,40,2024-12-26 09:09:39+05:30,1.0,9217.0,IN,2024-12-26 06:49:55+05:30,2024-12-26 18:12:04+05:30,19800,1263780,Mangalore,200,,,,,,,,,,,,,,,,
93.0,26.0,800,Clear,clear sky,01d,stations,292.66,292.36,292.66,292.66,1022,65,1022,1011,10000.0,0.81,152,0,2024-12-26 09:09:39+05:30,,,IN,2024-12-26 06:03:02+05:30,2024-12-26 16:33:58+05:30,19800,1278253,Assam,200,0.86,,,,,,,,,,,,,,,
74.8167,34.0833,800,Clear,clear sky,01d,stations,273.87,272.08,273.87,273.87,1035,19,1035,839,10000.0,1.59,267,7,2024-12-26 09:07:52+05:30,,,IN,2024-12-26 07:34:40+05:30,2024-12-26 17:27:51+05:30,19800,1255634,Srinagar,200,0.8,,,,,,,,,,,,,,,
79.4167,28.35,800,Clear,clear sky,01d,stations,291.32,290.42,291.32,291.32,1023,47,1023,1003,10000.0,1.68,350,0,2024-12-26 09:09:39+05:30,,,IN,2024-12-26 07:02:32+05:30,2024-12-26 17:23:10+05:30,19800,1277013,Bareilly,200,1.59,,,,,,,,,,,,,,,
91.3333,25.5,800,Clear,clear sky,01d,stations,289.98,288.55,289.98,289.98,1022,32,1022,861,10000.0,2.27,261,0,2024-12-26 09:09:39+05:30,,,IN,2024-12-26 06:08:38+05:30,2024-12-26 16:41:42+05:30,19800,1263207,State of Meghālaya,200,5.47,,,,,,,,,,,,,,,
77.6033,12.9762,701,Mist,mist,50n,stations,294.12,294.62,293.05,294.95,1017,90,1017,918,4000.0,4.12,70,40,2024-12-26 22:05:38+05:30,1.0,9205.0,IN,2024-12-26 06:39:13+05:30,2024-12-26 18:00:59+05:30,19800,1277333,Bengaluru,200,,,,,,,,,,,,,,,,
72.8479,19.0144,711,Smoke,smoke,50n,stations,299.14,299.14,299.14,299.14,1016,53,1016,1015,1700.0,2.06,40,20,2024-12-26 21:55:10+05:30,1.0,9052.0,IN,2024-12-26 07:09:30+05:30,2024-12-26 18:08:46+05:30,19800,1275339,Mumbai,200,,,,,,,,,,,,,,,,
78.4744,17.3753,701,Mist,mist,50n,stations,295.38,296.11,294.88,295.38,1018,94,1018,954,4000.0,3.09,70,75,2024-12-26 22:05:16+05:30,1.0,9214.0,IN,2024-12-26 06:43:52+05:30,2024-12-26 17:49:22+05:30,19800,1269843,Hyderabad,200,,,,,,,,,,,,,,,,
77.2167,28.6667,721,Haze,haze,50n,stations,289.2,288.74,289.2,289.2,1021,72,1021,995,2100.0,2.06,60,20,2024-12-26 22:05:33+05:30,1.0,9165.0,IN,2024-12-26 07:12:03+05:30,2024-12-26 17:31:15+05:30,19800,1273294,Delhi,200,,,,,,,,,,,,,,,,
72.0,23.0,803,Clouds,broken clouds,04n,stations,295.31,295.07,295.31,295.31,1016,57,1016,1014,10000.0,4.09,339,73,2024-12-26 22:09:48+05:30,,,IN,2024-12-26 07:20:47+05:30,2024-12-26 18:04:16+05:30,19800,1270770,Gujarat,200,6.92,,,,,,,,,,,,,,,
74.8833,12.8667,801,Clouds,few clouds,02n,stations,300.63,303.75,300.63,300.63,1014,78,1014,1010,6000.0,1.54,320,20,2024-12-26 22:09:48+05:30,1.0,9217.0,IN,2024-12-26 06:49:55+05:30,2024-12-26 18:12:04+05:30,19800,1263780,Mangalore,200,,,,,,,,,,,,,,,,
93.0,26.0,801,Clouds,few clouds,02n,stations,288.02,287.57,288.02,288.02,1020,77,1020,1008,10000.0,1.4,127,16,2024-12-26 22:06:33+05:30,,,IN,2024-12-26 06:03:02+05:30,2024-12-26 16:33:58+05:30,19800,1278253,Assam,200,1.44,,,,,,,,,,,,,,,
74.8167,34.0833,800,Clear,clear sky,01n,stations,274.49,273.16,274.49,274.49,1029,22,1029,836,10000.0,1.35,351,0,2024-12-26 22:09:48+05:30,,,IN,2024-12-26 07:34:40+05:30,2024-12-26 17:27:51+05:30,19800,1255634,Srinagar,200,1.46,,,,,,,,,,,,,,,
79.4167,28.35,802,Clouds,scattered clouds,03n,stations,289.54,288.33,289.54,289.54,1020,42,1020,1000,10000.0,2.05,320,26,2024-12-26 22:09:48+05:30,,,IN,2024-12-26 07:02:32+05:30,2024-12-26 17:23:10+05:30,19800,1277013,Bareilly,200,2.13,,,,,,,,,,,,,,,
91.3333,25.5,800,Clear,clear sky,01n,stations,280.6,278.93,280.6,280.6,1021,70,1021,859,10000.0,2.53,86,0,2024-12-26 22:09:48+05:30,,,IN,2024-12-26 06:08:38+05:30,2024-12-26 16:41:42+05:30,19800,1263207,State of Meghālaya,200,2.35,,,,,,,,,,,,,,,
77.6033,12.9762,804,Clouds,overcast clouds,04d,stations,294.12,294.54,293.05,294.32,1019,87,1019,921,10000.0,5.35,92,100,2024-12-27 09:05:37+05:30,2.0,2094561.0,IN,2024-12-27 06:39:40+05:30,2024-12-27 18:01:30+05:30,19800,1277333,Bengaluru,200,7.87,,,,,,,,,,,,,,,
72.8479,19.0144,711,Smoke,smoke,50d,stations,298.14,298.0,297.09,298.14,1017,50,1017,1017,2200.0,2.06,80,40,2024-12-27 09:02:17+05:30,1.0,9052.0,IN,2024-12-27 07:09:55+05:30,2024-12-27 18:09:18+05:30,19800,1275339,Mumbai,200,,,,,,,,,,,,,,,,
78.4744,17.3753,701,Mist,mist,50d,stations,295.38,295.83,294.88,295.38,1020,83,1020,956,4000.0,3.6,110,75,2024-12-27 09:06:23+05:30,1.0,9214.0,IN,2024-12-27 06:44:17+05:30,2024-12-27 17:49:55+05:30,19800,1269843,Hyderabad,200,,,,,,,,,,,,,,,,
77.2167,28.6667,200,Thunderstorm,thunderstorm with light rain,11d,stations,287.2,287.27,287.2,287.2,1021,100,1021,995,500.0,3.09,10,100,2024-12-27 09:07:12+05:30,1.0,9165.0,IN,2024-12-27 07:12:25+05:30,2024-12-27 17:31:50+05:30,19800,1273294,Delhi,200,,500.0,Rain,light rain,10d,0.61,,,,,,,,,,
72.0,23.0,804,Clouds,overcast clouds,04d,stations,295.94,295.76,295.94,295.94,1018,57,1018,1016,10000.0,3.8,341,98,2024-12-27 09:06:01+05:30,,,IN,2024-12-27 07:21:11+05:30,2024-12-27 18:04:49+05:30,19800,1270770,Gujarat,200,4.09,,,,,,,,,,,,,,,
74.8833,12.8667,802,Clouds,scattered clouds,03d,stations,300.63,302.74,300.63,300.63,1015,69,1015,1012,6000.0,1.54,90,40,2024-12-27 09:09:12+05:30,1.0,9217.0,IN,2024-12-27 06:50:21+05:30,2024-12-27 18:12:35+05:30,19800,1263780,Mangalore,200,,,,,,,,,,,,,,,,
93.0,26.0,800,Clear,clear sky,01d,stations,292.35,291.92,292.35,292.35,1022,61,1022,1011,10000.0,0.4,99,0,2024-12-27 09:09:12+05:30,,,IN,2024-12-27 06:03:25+05:30,2024-12-27 16:34:32+05:30,19800,1278253,Assam,200,0.54,,,,,,,,,,,,,,,
74.8167,34.0833,800,Clear,clear sky,01d,stations,274.44,272.72,274.44,274.44,1032,19,1032,837,10000.0,1.6,263,0,2024-12-27 09:09:13+05:30,,,IN,2024-12-27 07:35:01+05:30,2024-12-27 17:28:27+05:30,19800,1255634,Srinagar,200,1.01,,,,,,,,,,,,,,,
79.4167,28.35,802,Clouds,scattered clouds,03d,stations,292.38,291.35,292.38,292.38,1021,38,1021,1001,10000.0,1.9,47,31,2024-12-27 09:09:13+05:30,,,IN,2024-12-27 07:02:55+05:30,2024-12-27 17:23:45+05:30,19800,1277013,Bareilly,200,1.82,,,,,,,,,,,,,,,
91.3333,25.5,800,Clear,clear sky,01d,stations,290.18,288.67,290.18,290.18,1021,28,1021,860,10000.0,1.03,152,0,2024-12-27 09:09:13+05:30,,,IN,2024-12-27 06:09:01+05:30,2024-12-27 16:42:16+05:30,19800,1263207,State of Meghālaya,200,1.58,,,,,,,,,,,,,,,
77.6033,12.9762,701,Mist,mist,50d,stations,297.6,298.19,295.95,298.91,1014,80,1014,917,5000.0,3.6,80,75,2024-12-27 13:34:38+05:30,1.0,9205.0,IN,2024-12-27 06:39:40+05:30,2024-12-27 18:01:30+05:30,19800,1277333,Bengaluru,200,,,,,,,,,,,,,,,,
72.8479,19.0144,711,Smoke,smoke,50d,stations,302.14,302.23,301.09,302.14,1014,45,1014,1014,2500.0,5.14,290,1,2024-12-27 13:40:59+05:30,1.0,9052.0,IN,2024-12-27 07:09:55+05:30,2024-12-27 18:09:18+05:30,19800,1275339,Mumbai,200,,,,,,,,,,,,,,,,
78.4744,17.3753,721,Haze,haze,50d,stations,299.38,299.38,298.88,299.38,1016,65,1016,952,5000.0,5.66,120,75,2024-12-27 13:42:49+05:30,1.0,9214.0,IN,2024-12-27 06:44:17+05:30,2024-12-27 17:49:55+05:30,19800,1269843,Hyderabad,200,,,,,,,,,,,,,,,,
77.2167,28.6667,200,Thunderstorm,thunderstorm with light rain,11d,stations,287.2,287.27,287.2,287.2,1019,100,1019,993,500.0,4.12,40,100,2024-12-27 13:38:38+05:30,1.0,9165.0,IN,2024-12-27 07:12:25+05:30,2024-12-27 17:31:50+05:30,19800,1273294,Delhi,200,,500.0,Rain,light rain,10d,0.21,,,,,,,,,,
72.0,23.0,803,Clouds,broken clouds,04d,stations,300.13,300.26,300.13,300.13,1015,45,1015,1013,10000.0,4.89,327,71,2024-12-27 13:42:50+05:30,,,IN,2024-12-27 07:21:11+05:30,2024-12-27 18:04:49+05:30,19800,1270770,Gujarat,200,4.03,,,,,,,,,,,,,,,
74.8833,12.8667,801,Clouds,few clouds,02d,stations,305.63,307.91,305.63,305.63,1012,48,1012,1008,10000.0,2.57,140,20,2024-12-27 13:37:25+05:30,1.0,9217.0,IN,2024-12-27 06:50:21+05:30,2024-12-27 18:12:35+05:30,19800,1263780,Mangalore,200,,,,,,,,,,,,,,,,
93.0,26.0,800,Clear,clear sky,01d,stations,297.03,296.65,297.03,297.03,1017,45,1017,1005,10000.0,0.69,240,0,2024-12-27 13:42:50+05:30,,,IN,2024-12-27 06:03:25+05:30,2024-12-27 16:34:32+05:30,19800,1278253,Assam,200,0.48,,,,,,,,,,,,,,,
74.8167,34.0833,800,Clear,clear sky,01d,stations,281.88,281.29,281.88,281.88,1023,12,1023,834,10000.0,1.56,273,1,2024-12-27 13:42:50+05:30,,,IN,2024-12-27 07:35:01+05:30,2024-12-27 17:28:27+05:30,19800,1255634,Srinagar,200,1.23,,,,,,,,,,,,,,,
79.4167,28.35,800,Clear,clear sky,01d,stations,298.67,298.06,298.67,298.67,1017,30,1017,997,10000.0,1.48,154,1,2024-12-27 13:42:50+05:30,,,IN,2024-12-27 07:02:55+05:30,2024-12-27 17:23:45+05:30,19800,1277013,Bareilly,200,1.46,,,,,,,,,,,,,,,
91.3333,25.5,800,Clear,clear sky,01d,stations,292.45,291.25,292.45,292.45,1016,31,1016,857,10000.0,2.11,259,0,2024-12-27 13:42:50+05:30,,,IN,2024-12-27 06:09:01+05:30,2024-12-27 16:42:16+05:30,19800,1263207,State of Meghālaya,200,2.13,,,,,,,,,,,,,,,
77.6033,12.9762,803,Clouds,broken clouds,04d,stations,297.17,297.72,295.65,298.91,1014,80,1014,917,6000.0,4.12,80,75,2024-12-27 13:49:45+05:30,1.0,9205.0,IN,2024-12-27 06:39:40+05:30,2024-12-27 18:01:30+05:30,19800,1277333,Bengaluru,200,,,,,,,,,,,,,,,,
72.8479,19.0144,711,Smoke,smoke,50d,stations,302.14,302.23,301.09,302.14,1014,45,1014,1014,2500.0,5.14,290,1,2024-12-27 13:51:16+05:30,1.0,9052.0,IN,2024-12-27 07:09:55+05:30,2024-12-27 18:09:18+05:30,19800,1275339,Mumbai,200,,,,,,,,,,,,,,,,
78.4744,17.3753,721,Haze,haze,50d,stations,299.38,299.38,298.88,299.38,1016,65,1016,952,5000.0,5.14,120,75,2024-12-27 13:51:16+05:30,1.0,9214.0,IN,2024-12-27 06:44:17+05:30,2024-12-27 17:49:55+05:30,19800,1269843,Hyderabad,200,,,,,,,,,,,,,,,,
77.2167,28.6667,200,Thunderstorm,thunderstorm with light rain,11d,stations,287.2,287.27,287.2,287.2,1019,100,1019,993,500.0,4.12,40,100,2024-12-27 13:51:16+05:30,1.0,9165.0,IN,2024-12-27 07:12:25+05:30,2024-12-27 17:31:50+05:30,19800,1273294,Delhi,200,,,,,,,,,,,,,,,,
72.0,23.0,803,Clouds,broken clouds,04d,stations,300.13,300.26,300.13,300.13,1015,45,1015,1013,10000.0,4.89,327,71,2024-12-27 13:50:28+05:30,,,IN,2024-12-27 07:21:11+05:30,2024-12-27 18:04:49+05:30,19800,1270770,Gujarat,200,,,,,,,,,,,,,,,,
74.8833,12.8667,801,Clouds,few clouds,02d,stations,305.63,307.91,305.63,305.63,1012,48,1012,1008,10000.0,2.57,140,20,2024-12-27 13:51:17+05:30,1.0,9217.0,IN,2024-12-27 06:50:21+05:30,2024-12-27 18:12:35+05:30,19800,1263780,Mangalore,200,,,,,,,,,,,,,,,,
93.0,26.0,800,Clear,clear sky,01d,stations,297.03,296.65,297.03,297.03,1017,45,1017,1005,10000.0,0.69,240,0,2024-12-27 13:51:17+05:30,,,IN,2024-12-27 06:03:25+05:30,2024-12-27 16:34:32+05:30,19800,1278253,Assam,200,,,,,,,,,,,,,,,,
74.8167,34.0833,800,Clear,clear sky,01d,stations,281.88,281.29,281.88,281.88,1023,12,1023,834,10000.0,1.56,273,1,2024-12-27 13:51:17+05:30,,,IN,2024-12-27 07:35:01+05:30,2024-12-27 17:28:27+05:30,19800,1255634,Srinagar,200,,,,,,,,,,,,,,,,
79.4167,28.35,800,Clear,clear sky,01d,stations,298.67,298.06,298.67,298.67,1017,30,1017,997,10000.0,1.48,154,1,2024-12-27 13:51:17+05:30,,,IN,2024-12-27 07:02:55+05:30,2024-12-27 17:23:45+05:30,19800,1277013,Bareilly,200,,,,,,,,,,,,,,,,
91.3333,25.5,800,Clear,clear sky,01d,stations,292.45,291.25,292.45,292.45,1016,31,1016,857,10000.0,2.11,259,0,2024-12-27 13:51:17+05:30,,,IN,2024-12-27 06:09:01+05:30,2024-12-27 16:42:16+05:30,19800,1263207,State of Meghālaya,200,,,,,,,,,,,,,,,,
77.6033,12.9762,701,Mist,mist,50n,stations,293.26,293.65,292.05,293.95,1019,89,1019,920,5000.0,3.6,90,75,2024-12-27 22:06:02+05:30,1.0,9205.0,IN,2024-12-27 06:39:40+05:30,2024-12-27 18:01:30+05:30,19800,1277333,Bengaluru,200,,,,,,,,,,,,,,,,
72.8479,19.0144,721,Haze,haze,50n,stations,299.14,299.14,299.14,299.14,1016,57,1016,1015,1800.0,0.0,0,20,2024-12-27 22:05:18+05:30,1.0,9052.0,IN,2024-12-27 07:09:55+05:30,2024-12-27 18:09:18+05:30,19800,1275339,Mumbai,200,,,,,,,,,,,,,,,,
78.4744,17.3753,721,Haze,haze,50n,stations,295.38,295.56,293.88,295.38,1018,73,1018,954,5000.0,2.06,130,40,2024-12-27 22:07:07+05:30,1.0,9214.0,IN,2024-12-27 06:44:17+05:30,2024-12-27 17:49:55+05:30,19800,1269843,Hyderabad,200,,,,,,,,,,,,,,,,
77.2167,28.6667,701,Mist,mist,50n,stations,288.2,288.22,288.2,288.2,1019,94,1019,993,1800.0,3.09,80,75,2024-12-27 22:07:49+05:30,1.0,9165.0,IN,2024-12-27 07:12:25+05:30,2024-12-27 17:31:50+05:30,19800,1273294,Delhi,200,,,,,,,,,,,,,,,,
72.0,23.0,803,Clouds,broken clouds,04n,stations,294.87,294.51,294.87,294.87,1017,54,1017,1014,10000.0,5.89,340,69,2024-12-27 22:09:13+05:30,,,IN,2024-12-27 07:21:11+05:30,2024-12-27 18:04:49+05:30,19800,1270770,Gujarat,200,,,,,,,,,,,,,,,,
74.8833,12.8667,800,Clear,clear sky,01n,stations,300.63,303.75,300.63,300.63,1014,78,1014,1011,6000.0,2.06,40,3,2024-12-27 22:09:14+05:30,1.0,9217.0,IN,2024-12-27 06:50:21+05:30,2024-12-27 18:12:35+05:30,19800,1263780,Mangalore,200,,,,,,,,,,,,,,,,
93.0,26.0,800,Clear,clear sky,01n,stations,287.91,287.45,287.91,287.91,1019,77,1019,1008,10000.0,1.51,140,0,2024-12-27 22:09:14+05:30,,,IN,2024-12-27 06:03:25+05:30,2024-12-27 16:34:32+05:30,19800,1278253,Assam,200,,,,,,,,,,,,,,,,
74.8167,34.0833,804,Clouds,overcast clouds,04n,stations,277.29,277.29,277.29,277.29,1022,25,1022,832,10000.0,1.25,109,96,2024-12-27 22:09:14+05:30,,,IN,2024-12-27 07:35:01+05:30,2024-12-27 17:28:27+05:30,19800,1255634,Srinagar,200,,,,,,,,,,,,,,,,
79.4167,28.35,803,Clouds,broken clouds,04n,stations,290.35,289.43,290.35,290.35,1019,50,1019,999,10000.0,3.97,16,73,2024-12-27 22:09:14+05:30,,,IN,2024-12-27 07:02:55+05:30,2024-12-27 17:23:45+05:30,19800,1277013,Bareilly,200,,,,,,,,,,,,,,,,
91.3333,25.5,800,Clear,clear sky,01n,stations,282.15,281.19,282.15,282.15,1021,69,1021,859,10000.0,1.98,72,0,2024-12-27 22:09:14+05:30,,,IN,2024-12-27 06:09:01+05:30,2024-12-27 16:42:16+05:30,19800,1263207,State of Meghālaya,200,,,,,,,,,,,,,,,,
77.6033,12.9762,803,Clouds,broken clouds,04d,stations,292.45,292.73,292.05,292.65,1019,88,1019,921,10000.0,5.17,101,82,2024-12-28 09:07:20+05:30,2.0,2094561.0,IN,2024-12-28 06:40:05+05:30,2024-12-28 18:02:02+05:30,19800,1277333,Bengaluru,200,6.84,,,,,,,,,,,,,,,
72.8479,19.0144,721,Haze,haze,50d,stations,298.14,298.29,297.09,298.14,1017,61,1017,1016,1100.0,2.57,70,40,2024-12-28 09:00:03+05:30,1.0,9052.0,IN,2024-12-28 07:10:19+05:30,2024-12-28 18:09:51+05:30,19800,1275339,Mumbai,200,,,,,,,,,,,,,,,,
78.4744,17.3753,701,Mist,mist,50d,stations,296.38,296.66,293.88,296.38,1020,73,1020,956,3000.0,2.57,150,40,2024-12-28 09:05:55+05:30,1.0,9214.0,IN,2024-12-28 06:44:42+05:30,2024-12-28 17:50:27+05:30,19800,1269843,Hyderabad,200,,,,,,,,,,,,,,,,
77.2167,28.6667,701,Mist,mist,50d,stations,287.2,287.12,287.2,287.2,1020,94,1020,994,1100.0,1.54,260,75,2024-12-28 09:07:20+05:30,1.0,9165.0,IN,2024-12-28 07:12:47+05:30,2024-12-28 17:32:26+05:30,19800,1273294,Delhi,200,,,,,,,,,,,,,,,,
72.0,23.0,800,Clear,clear sky,01d,stations,293.11,292.6,293.11,293.11,1020,55,1020,1017,10000.0,4.09,5,0,2024-12-28 09:03:53+05:30,,,IN,2024-12-28 07:21:34+05:30,2024-12-28 18:05:24+05:30,19800,1270770,Gujarat,200,5.24,,,,,,,,,,,,,,,
74.8833,12.8667,701,Mist,mist,50d,stations,300.63,301.95,300.63,300.63,1016,61,1016,1012,5000.0,2.06,90,27,2024-12-28 09:07:20+05:30,1.0,9217.0,IN,2024-12-28 06:50:46+05:30,2024-12-28 18:13:07+05:30,19800,1263780,Mangalore,200,,,,,,,,,,,,,,,,
93.0,26.0,800,Clear,clear sky,01d,stations,292.46,292.01,292.46,292.46,1021,60,1021,1010,10000.0,0.96,138,0,2024-12-28 09:07:20+05:30,,,IN,2024-12-28 06:03:47+05:30,2024-12-28 16:35:07+05:30,19800,1278253,Assam,200,1.13,,,,,,,,,,,,,,,
74.8167,34.0833,804,Clouds,overcast clouds,04d,stations,275.58,275.58,275.58,275.58,1027,83,1027,834,10000.0,1.18,137,94,2024-12-28 09:07:20+05:30,,,IN,2024-12-28 07:35:20+05:30,2024-12-28 17:29:05+05:30,19800,1255634,Srinagar,200,1.57,,,,,,,,,,,,,,,
79.4167,28.35,803,Clouds,broken clouds,04d,stations,291.11,290.71,291.11,291.11,1021,67,1021,1000,10000.0,4.08,103,73,2024-12-28 09:07:20+05:30,,,IN,2024-12-28 07:03:16+05:30,2024-12-28 17:24:21+05:30,19800,1277013,Bareilly,200,5.8,,,,,,,,,,,,,,,
91.3333,25.5,800,Clear,clear sky,01d,stations,291.59,290.33,291.59,291.59,1020,32,1020,860,10000.0,0.85,225,0,2024-12-28 09:07:20+05:30,,,IN,2024-12-28 06:09:23+05:30,2024-12-28 16:42:51+05:30,19800,1263207,State of Meghālaya,200,0.9,,,,,,,,,,,,,,,
77.6033,12.9762,701,Mist,mist,50d,stations,295.26,295.62,293.05,295.95,1018,80,1018,920,3000.0,5.14,70,40,2024-12-28 10:00:39+05:30,2.0,2036502.0,IN,2024-12-28 06:40:05+05:30,2024-12-28 18:02:02+05:30,19800,1277333,Bengaluru,200,,,,,,,,,,,,,,,,
72.8479,19.0144,721,Haze,haze,50d,stations,299.14,299.14,298.09,299.14,1017,57,1017,1016,1200.0,2.06,50,40,2024-12-28 10:00:59+05:30,1.0,9052.0,IN,2024-12-28 07:10:19+05:30,2024-12-28 18:09:51+05:30,19800,1275339,Mumbai,200,,,,,,,,,,,,,,,,
78.4744,17.3753,701,Mist,mist,50d,stations,295.38,295.7,294.88,295.38,1019,78,1019,955,3000.0,3.6,140,40,2024-12-28 10:01:18+05:30,1.0,9214.0,IN,2024-12-28 06:44:42+05:30,2024-12-28 17:50:27+05:30,19800,1269843,Hyderabad,200,,,,,,,,,,,,,,,,
77.2167,28.6667,701,Mist,mist,50d,stations,288.2,288.22,288.2,288.2,1021,94,1021,995,1100.0,1.03,0,75,2024-12-28 10:03:05+05:30,1.0,9165.0,IN,2024-12-28 07:12:47+05:30,2024-12-28 17:32:26+05:30,19800,1273294,Delhi,200,,,,,,,,,,,,,,,,
72.0,23.0,800,Clear,clear sky,01d,stations,295.82,295.32,295.82,295.82,1020,45,1020,1017,10000.0,4.14,2,0,2024-12-28 10:03:05+05:30,,,IN,2024-12-28 07:21:34+05:30,2024-12-28 18:05:24+05:30,19800,1270770,Gujarat,200,,,,,,,,,,,,,,,,
74.8833,12.8667,802,Clouds,scattered clouds,03d,stations,301.63,302.6,301.63,301.63,1015,54,1015,1012,6000.0,3.09,70,25,2024-12-28 10:03:05+05:30,1.0,9217.0,IN,2024-12-28 06:50:46+05:30,2024-12-28 18:13:07+05:30,19800,1263780,Mangalore,200,,,,,,,,,,,,,,,,
93.0,26.0,800,Clear,clear sky,01d,stations,294.4,293.99,294.4,294.4,1020,54,1020,1009,10000.0,0.17,156,0,2024-12-28 10:03:05+05:30,,,IN,2024-12-28 06:03:47+05:30,2024-12-28 16:35:07+05:30,19800,1278253,Assam,200,,,,,,,,,,,,,,,,
74.8167,34.0833,804,Clouds,overcast clouds,04d,stations,276.35,275.17,276.35,276.35,1027,80,1027,834,10000.0,1.41,139,95,2024-12-28 10:03:06+05:30,,,IN,2024-12-28 07:35:20+05:30,2024-12-28 17:29:05+05:30,19800,1255634,Srinagar,200,,,,,,,,,,,,,,,,
79.4167,28.35,803,Clouds,broken clouds,04d,stations,292.59,292.21,292.59,292.59,1021,62,1021,1001,10000.0,4.18,102,67,2024-12-28 10:03:06+05:30,,,IN,2024-12-28 07:03:16+05:30,2024-12-28 17:24:21+05:30,19800,1277013,Bareilly,200,,,,,,,,,,,,,,,,
91.3333,25.5,800,Clear,clear sky,01d,stations,292.79,291.54,292.79,292.79,1019,28,1019,859,10000.0,1.58,225,0,2024-12-28 10:03:06+05:30,,,IN,2024-12-28 06:09:23+05:30,2024-12-28 16:42:51+05:30,19800,1263207,State of Meghālaya,200,,,,,,,,,,,,,,,,
77.6033,12.9762,701,Mist,mist,50n,stations,293.43,293.79,292.05,293.95,1018,87,1018,919,4000.0,2.57,80,18,2024-12-28 22:08:05+05:30,1.0,9205.0,IN,2024-12-28 06:40:05+05:30,2024-12-28 18:02:02+05:30,19800,1277333,Bengaluru,200,,,,,,,,,,,,,,,,
72.8479,19.0144,721,Haze,haze,50n,stations,299.14,299.14,299.14,299.14,1016,69,1016,1015,1500.0,1.54,320,0,2024-12-28 22:08:05+05:30,1.0,9052.0,IN,2024-12-28 07:10:19+05:30,2024-12-28 18:09:51+05:30,19800,1275339,Mumbai,200,,,,,,,,,,,,,,,,
78.4744,17.3753,721,Haze,haze,50n,stations,296.38,296.66,293.88,296.38,1018,73,1018,954,5000.0,1.54,100,20,2024-12-28 22:08:05+05:30,1.0,9214.0,IN,2024-12-28 06:44:42+05:30,2024-12-28 17:50:27+05:30,19800,1269843,Hyderabad,200,,,,,,,,,,,,,,,,
77.2167,28.6667,701,Mist,mist,50n,stations,288.2,288.37,288.2,288.2,1020,100,1020,994,1100.0,1.54,260,75,2024-12-28 22:08:05+05:30,1.0,9165.0,IN,2024-12-28 07:12:47+05:30,2024-12-28 17:32:26+05:30,19800,1273294,Delhi,200,,,,,,,,,,,,,,,,
72.0,23.0,800,Clear,clear sky,01n,stations,290.0,288.42,290.0,290.0,1018,26,1018,1016,10000.0,4.93,3,0,2024-12-28 22:08:05+05:30,,,IN,2024-12-28 07:21:34+05:30,2024-12-28 18:05:24+05:30,19800,1270770,Gujarat,200,,,,,,,,,,,,,,,,
74.8833,12.8667,802,Clouds,scattered clouds,03n,stations,300.63,303.28,300.63,300.63,1014,74,1014,1011,6000.0,1.03,40,40,2024-12-28 22:08:05+05:30,1.0,9217.0,IN,2024-12-28 06:50:46+05:30,2024-12-28 18:13:07+05:30,19800,1263780,Mangalore,200,,,,,,,,,,,,,,,,
93.0,26.0,800,Clear,clear sky,01n,stations,287.96,287.53,287.96,287.96,1018,78,1018,1006,10000.0,1.6,140,0,2024-12-28 22:08:05+05:30,,,IN,2024-12-28 06:03:47+05:30,2024-12-28 16:35:07+05:30,19800,1278253,Assam,200,,,,,,,,,,,,,,,,
74.8167,34.0833,802,Clouds,scattered clouds,03n,stations,273.87,273.87,273.87,273.87,1028,85,1028,835,10000.0,0.86,25,26,2024-12-28 22:08:06+05:30,,,IN,2024-12-28 07:35:20+05:30,2024-12-28 17:29:05+05:30,19800,1255634,Srinagar,200,,,,,,,,,,,,,,,,
79.4167,28.35,800,Clear,clear sky,01n,stations,288.3,287.49,288.3,288.3,1019,62,1019,999,10000.0,2.66,87,0,2024-12-28 22:08:06+05:30,,,IN,2024-12-28 07:03:16+05:30,2024-12-28 17:24:21+05:30,19800,1277013,Bareilly,200,,,,,,,,,,,,,,,,
91.3333,25.5,800,Clear,clear sky,01n,stations,282.21,281.28,282.21,282.21,1020,56,1020,858,10000.0,1.96,78,0,2024-12-28 22:08:06+05:30,,,IN,2024-12-28 06:09:23+05:30,2024-12-28 16:42:51+05:30,19800,1263207,State of Meghālaya,200,,,,,,,,,,,,,,,,
77.6033,12.9762,801,Clouds,few clouds,02d,stations,293.48,293.71,292.87,294.32,1018,82,1018,920,10000.0,4.96,85,19,2024-12-29 10:00:03+05:30,2.0,2094561.0,IN,2024-12-29 06:40:30+05:30,2024-12-29 18:02:34+05:30,19800,1277333,Bengaluru,200,5.81,,,,,,,,,,,,,,,
72.8479,19.0144,711,Smoke,smoke,50d,stations,300.14,301.01,299.09,300.14,1016,57,1016,1016,1400.0,1.54,40,0,2024-12-29 10:10:00+05:30,1.0,9052.0,IN,2024-12-29 07:10:42+05:30,2024-12-29 18:10:25+05:30,19800,1275339,Mumbai,200,,,,,,,,,,,,,,,,
78.4744,17.3753,721,Haze,haze,50d,stations,298.38,298.66,297.88,298.38,1018,65,1018,955,4000.0,3.09,120,0,2024-12-29 10:10:03+05:30,1.0,9214.0,IN,2024-12-29 06:45:05+05:30,2024-12-29 17:51:01+05:30,19800,1269843,Hyderabad,200,,,,,,,,,,,,,,,,
77.2167,28.6667,741,Fog,fog,50d,stations,286.2,286.02,286.2,286.2,1022,94,1022,996,700.0,2.57,300,0,2024-12-29 10:07:38+05:30,1.0,9165.0,IN,2024-12-29 07:13:06+05:30,2024-12-29 17:33:03+05:30,19800,1273294,Delhi,200,,,,,,,,,,,,,,,,
72.0,23.0,800,Clear,clear sky,01d,stations,295.05,294.08,295.05,295.05,1020,30,1020,1018,10000.0,5.25,69,0,2024-12-29 10:10:03+05:30,,,IN,2024-12-29 07:21:56+05:30,2024-12-29 18:05:59+05:30,19800,1270770,Gujarat,200,6.63,,,,,,,,,,,,,,,
74.8833,12.8667,800,Clear,clear sky,01d,stations,301.63,302.95,301.63,301.63,1015,57,1015,1011,8000.0,3.09,80,1,2024-12-29 10:10:03+05:30,1.0,9217.0,IN,2024-12-29 06:51:11+05:30,2024-12-29 18:13:39+05:30,19800,1263780,Mangalore,200,,,,,,,,,,,,,,,,
93.0,26.0,800,Clear,clear sky,01d,stations,294.58,294.21,294.58,294.58,1017,55,1017,1006,10000.0,0.22,51,0,2024-12-29 10:10:03+05:30,,,IN,2024-12-29 06:04:08+05:30,2024-12-29 16:35:43+05:30,19800,1278253,Assam,200,0.41,,,,,,,,,,,,,,,
74.8167,34.0833,803,Clouds,broken clouds,04d,stations,275.84,275.84,275.84,275.84,1032,65,1032,838,10000.0,1.24,219,59,2024-12-29 10:10:03+05:30,,,IN,2024-12-29 07:35:37+05:30,2024-12-29 17:29:45+05:30,19800,1255634,Srinagar,200,0.23,,,,,,,,,,,,,,,
79.4167,28.35,801,Clouds,few clouds,02d,stations,293.06,292.67,293.06,293.06,1020,60,1020,1000,10000.0,2.74,299,15,2024-12-29 10:10:04+05:30,,,IN,2024-12-29 07:03:36+05:30,2024-12-29 17:24:58+05:30,19800,1277013,Bareilly,200,2.97,,,,,,,,,,,,,,,
91.3333,25.5,801,Clouds,few clouds,02d,stations,291.32,290.05,291.32,291.32,1017,33,1017,857,10000.0,2.27,263,19,2024-12-29 10:10:04+05:30,,,IN,2024-12-29 06:09:44+05:30,2024-12-29 16:43:27+05:30,19800,1263207,State of Meghālaya,200,3.36,,,,,,,,,,,,,,,
77.6033,12.9762,802,Clouds,scattered clouds,03d,stations,299.07,299.23,298.35,300.43,1013,58,1013,916,10000.0,4.26,78,36,2024-12-29 16:55:27+05:30,2.0,2017753.0,IN,2024-12-29 06:40:30+05:30,2024-12-29 18:02:34+05:30,19800,1277333,Bengaluru,200,4.29,,,,,,,,,,,,,,,
72.8479,19.0144,711,Smoke,smoke,50d,stations,303.14,303.88,302.09,303.14,1013,48,1013,1012,3000.0,4.63,310,0,2024-12-29 17:01:45+05:30,1.0,9052.0,IN,2024-12-29 07:10:42+05:30,2024-12-29 18:10:25+05:30,19800,1275339,Mumbai,200,,,,,,,,,,,,,,,,
78.4744,17.3753,721,Haze,haze,50d,stations,301.38,301.33,301.38,302.88,1014,44,1014,951,5000.0,4.12,100,20,2024-12-29 17:00:14+05:30,1.0,9214.0,IN,2024-12-29 06:45:05+05:30,2024-12-29 17:51:01+05:30,19800,1269843,Hyderabad,200,,,,,,,,,,,,,,,,
77.2167,28.6667,741,Fog,fog,50d,stations,286.2,285.86,286.2,286.2,1018,88,1018,992,800.0,4.63,290,40,2024-12-29 17:02:19+05:30,1.0,9165.0,IN,2024-12-29 07:13:06+05:30,2024-12-29 17:33:03+05:30,19800,1273294,Delhi,200,,,,,,,,,,,,,,,,
72.0,23.0,800,Clear,clear sky,01d,stations,298.73,298.13,298.73,298.73,1016,30,1016,1014,10000.0,3.39,36,0,2024-12-29 17:04:01+05:30,,,IN,2024-12-29 07:21:56+05:30,2024-12-29 18:05:59+05:30,19800,1270770,Gujarat,200,3.94,,,,,,,,,,,,,,,
74.8833,12.8667,800,Clear,clear sky,01d,stations,303.63,306.49,303.63,303.63,1011,58,1011,1007,6000.0,3.6,250,6,2024-12-29 17:04:02+05:30,1.0,9217.0,IN,2024-12-29 06:51:11+05:30,2024-12-29 18:13:39+05:30,19800,1263780,Mangalore,200,,,,,,,,,,,,,,,,
93.0,26.0,800,Clear,clear sky,01n,stations,292.37,291.91,292.37,292.37,1013,60,1013,1002,10000.0,1.36,284,9,2024-12-29 17:04:02+05:30,,,IN,2024-12-29 06:04:08+05:30,2024-12-29 16:35:43+05:30,19800,1278253,Assam,200,1.4,,,,,,,,,,,,,,,
74.8167,34.0833,800,Clear,clear sky,01d,stations,279.27,279.27,279.27,279.27,1022,43,1022,834,10000.0,0.41,101,0,2024-12-29 17:04:02+05:30,,,IN,2024-12-29 07:35:37+05:30,2024-12-29 17:29:45+05:30,19800,1255634,Srinagar,200,0.49,,,,,,,,,,,,,,,
79.4167,28.35,800,Clear,clear sky,01d,stations,292.45,291.79,292.45,292.45,1017,52,1017,997,10000.0,3.62,262,1,2024-12-29 17:04:02+05:30,,,IN,2024-12-29 07:03:36+05:30,2024-12-29 17:24:58+05:30,19800,1277013,Bareilly,200,5.57,,,,,,,,,,,,,,,
91.3333,25.5,800,Clear,clear sky,01n,stations,282.28,282.28,282.28,282.28,1017,79,1017,856,10000.0,0.31,301,1,2024-12-29 17:04:02+05:30,,,IN,2024-12-29 06:09:44+05:30,2024-12-29 16:43:27+05:30,19800,1263207,State of Meghālaya,200,0.92,,,,,,,,,,,,,,,
77.6033,12.9762,800,Clear,clear sky,01n,stations,293.48,293.66,292.87,294.32,1017,80,1017,919,10000.0,3.24,75,3,2024-12-29 22:00:01+05:30,2.0,2094561.0,IN,2024-12-29 06:40:30+05:30,2024-12-29 18:02:34+05:30,19800,1277333,Bengaluru,200,6.14,,,,,,,,,,,,,,,
72.8479,19.0144,711,Smoke,smoke,50n,stations,300.14,300.21,300.14,300.14,1016,44,1016,1015,3000.0,2.06,40,0,2024-12-29 22:05:57+05:30,1.0,9052.0,IN,2024-12-29 07:10:42+05:30,2024-12-29 18:10:25+05:30,19800,1275339,Mumbai,200,,,,,,,,,,,,,,,,
78.4744,17.3753,721,Haze,haze,50n,stations,294.38,294.46,293.88,294.38,1017,73,1017,953,5000.0,3.09,100,20,2024-12-29 22:06:20+05:30,1.0,9214.0,IN,2024-12-29 06:45:05+05:30,2024-12-29 17:51:01+05:30,19800,1269843,Hyderabad,200,,,,,,,,,,,,,,,,
77.2167,28.6667,701,Mist,mist,50n,stations,284.2,283.97,284.2,284.2,1020,100,1020,994,1300.0,3.6,280,75,2024-12-29 22:05:04+05:30,1.0,9165.0,IN,2024-12-29 07:13:06+05:30,2024-12-29 17:33:03+05:30,19800,1273294,Delhi,200,,,,,,,,,,,,,,,,
72.0,23.0,800,Clear,clear sky,01n,stations,291.05,289.86,291.05,291.05,1019,37,1019,1016,10000.0,3.83,16,0,2024-12-29 22:07:40+05:30,,,IN,2024-12-29 07:21:56+05:30,2024-12-29 18:05:59+05:30,19800,1270770,Gujarat,200,4.14,,,,,,,,,,,,,,,
74.8833,12.8667,800,Clear,clear sky,01n,stations,299.63,299.63,299.63,299.63,1014,73,1014,1011,6000.0,0.0,0,6,2024-12-29 22:07:40+05:30,1.0,9217.0,IN,2024-12-29 06:51:11+05:30,2024-12-29 18:13:39+05:30,19800,1263780,Mangalore,200,,,,,,,,,,,,,,,,
93.0,26.0,800,Clear,clear sky,01n,stations,288.71,288.31,288.71,288.71,1017,76,1017,1005,10000.0,1.43,149,0,2024-12-29 22:07:40+05:30,,,IN,2024-12-29 06:04:08+05:30,2024-12-29 16:35:43+05:30,19800,1278253,Assam,200,1.49,,,,,,,,,,,,,,,
74.8167,34.0833,800,Clear,clear sky,01n,stations,276.26,275.0,276.26,276.26,1027,36,1027,836,10000.0,1.46,359,2,2024-12-29 22:07:40+05:30,,,IN,2024-12-29 07:35:37+05:30,2024-12-29 17:29:45+05:30,19800,1255634,Srinagar,200,1.56,,,,,,,,,,,,,,,
79.4167,28.35,800,Clear,clear sky,01n,stations,288.17,287.79,288.17,288.17,1018,79,1018,998,10000.0,3.51,283,0,2024-12-29 22:07:40+05:30,,,IN,2024-12-29 07:03:36+05:30,2024-12-29 17:24:58+05:30,19800,1277013,Bareilly,200,7.93,,,,,,,,,,,,,,,
91.3333,25.5,800,Clear,clear sky,01n,stations,281.49,281.49,281.49,281.49,1019,89,1019,857,10000.0,0.87,68,0,2024-12-29 22:07:40+05:30,,,IN,2024-12-29 06:09:44+05:30,2024-12-29 16:43:27+05:30,19800,1263207,State of Meghālaya,200,1.09,,,,,,,,,,,,,,,
77.6033,12.9762,802,Clouds,scattered clouds,03d,stations,298.08,298.48,297.1,298.95,1015,71,1015,917,8000.0,4.12,90,40,2024-12-30 12:16:40+05:30,2.0,2017753.0,IN,2024-12-30 06:40:54+05:30,2024-12-30 18:03:06+05:30,19800,1277333,Bengaluru,200,,,,,,,,,,,,,,,,
72.8479,19.0144,711,Smoke,smoke,50d,stations,303.14,303.88,303.14,304.09,1015,48,1015,1014,2500.0,2.57,100,0,2024-12-30 12:10:28+05:30,1.0,9052.0,IN,2024-12-30 07:11:04+05:30,2024-12-30 18:10:59+05:30,19800,1275339,Mumbai,200,,,,,,,,,,,,,,,,
78.4744,17.3753,721,Haze,haze,50d,stations,301.38,301.58,301.38,301.88,1015,47,1015,952,5000.0,3.6,110,20,2024-12-30 12:16:57+05:30,1.0,9214.0,IN,2024-12-30 06:45:28+05:30,2024-12-30 17:51:34+05:30,19800,1269843,Hyderabad,200,,,,,,,,,,,,,,,,
77.2167,28.6667,741,Fog,fog,50d,stations,284.2,283.79,284.2,284.2,1019,93,1019,993,800.0,3.6,280,40,2024-12-30 12:16:57+05:30,1.0,9165.0,IN,2024-12-30 07:13:25+05:30,2024-12-30 17:33:41+05:30,19800,1273294,Delhi,200,,,,,,,,,,,,,,,,
72.0,23.0,800,Clear,clear sky,01d,stations,298.53,297.88,298.53,298.53,1018,29,1018,1015,10000.0,4.05,58,0,2024-12-30 12:15:00+05:30,,,IN,2024-12-30 07:22:16+05:30,2024-12-30 18:06:34+05:30,19800,1270770,Gujarat,200,4.0,,,,,,,,,,,,,,,
74.8833,12.8667,804,Clouds,overcast clouds,04d,stations,303.63,303.04,303.63,303.63,1012,37,1012,1008,10000.0,3.09,90,100,2024-12-30 12:16:57+05:30,1.0,9217.0,IN,2024-12-30 06:51:35+05:30,2024-12-30 18:14:11+05:30,19800,1263780,Mangalore,200,,,,,,,,,,,,,,,,
93.0,26.0,800,Clear,clear sky,01d,stations,297.51,297.23,297.51,297.51,1016,47,1016,1005,10000.0,0.86,291,0,2024-12-30 12:16:57+05:30,,,IN,2024-12-30 06:04:27+05:30,2024-12-30 16:36:20+05:30,19800,1278253,Assam,200,1.15,,,,,,,,,,,,,,,
74.8167,34.0833,804,Clouds,overcast clouds,04d,stations,276.99,276.99,276.99,276.99,1027,43,1027,834,10000.0,1.18,203,98,2024-12-30 12:16:57+05:30,,,IN,2024-12-30 07:35:53+05:30,2024-12-30 17:30:25+05:30,19800,1255634,Srinagar,200,0.59,,,,,,,,,,,,,,,
79.4167,28.35,800,Clear,clear sky,01d,stations,294.34,293.56,294.34,294.34,1018,40,1018,998,10000.0,3.84,281,0,2024-12-30 12:16:57+05:30,,,IN,2024-12-30 07:03:54+05:30,2024-12-30 17:25:35+05:30,19800,1277013,Bareilly,200,4.39,,,,,,,,,,,,,,,
91.3333,25.5,800,Clear,clear sky,01d,stations,290.97,289.64,290.97,290.97,1016,32,1016,856,10000.0,3.31,261,0,2024-12-30 12:16:57+05:30,,,IN,2024-12-30 06:10:04+05:30,2024-12-30 16:44:04+05:30,19800,1263207,State of Meghālaya,200,2.97,,,,,,,,,,,,,,,
77.6033,12.9762,803,Clouds,broken clouds,04n,stations,293.25,293.56,292.87,293.77,1018,86,1018,919,10000.0,4.45,77,57,2024-12-30 22:00:37+05:30,2.0,2094561.0,IN,2024-12-30 06:40:54+05:30,2024-12-30 18:03:06+05:30,19800,1277333,Bengaluru,200,8.25,,,,,,,,,,,,,,,
72.8479,19.0144,711,Smoke,smoke,50n,stations,300.14,301.01,300.14,300.14,1016,57,1016,1015,3000.0,2.06,20,0,2024-12-30 22:05:02+05:30,1.0,9052.0,IN,2024-12-30 07:11:04+05:30,2024-12-30 18:10:59+05:30,19800,1275339,Mumbai,200,,,,,,,,,,,,,,,,
78.4744,17.3753,721,Haze,haze,50n,stations,297.38,297.35,294.88,297.38,1018,57,1018,954,5000.0,2.06,120,20,2024-12-30 22:05:21+05:30,1.0,9214.0,IN,2024-12-30 06:45:28+05:30,2024-12-30 17:51:34+05:30,19800,1269843,Hyderabad,200,,,,,,,,,,,,,,,,
77.2167,28.6667,701,Mist,mist,50n,stations,283.2,282.69,283.2,283.2,1019,93,1019,993,1300.0,0.0,0,20,2024-12-30 22:10:23+05:30,1.0,9165.0,IN,2024-12-30 07:13:25+05:30,2024-12-30 17:33:41+05:30,19800,1273294,Delhi,200,,,,,,,,,,,,,,,,
72.0,23.0,800,Clear,clear sky,01n,stations,291.6,290.15,291.6,291.6,1018,25,1018,1015,10000.0,3.51,17,0,2024-12-30 22:10:23+05:30,,,IN,2024-12-30 07:22:16+05:30,2024-12-30 18:06:34+05:30,19800,1270770,Gujarat,200,3.51,,,,,,,,,,,,,,,
74.8833,12.8667,801,Clouds,few clouds,02n,stations,299.63,299.63,299.63,299.63,1013,73,1013,1010,6000.0,1.03,120,20,2024-12-30 22:10:23+05:30,1.0,9217.0,IN,2024-12-30 06:51:35+05:30,2024-12-30 18:14:11+05:30,19800,1263780,Mangalore,200,,,,,,,,,,,,,,,,
93.0,26.0,800,Clear,clear sky,01n,stations,288.32,287.85,288.32,288.32,1018,75,1018,1007,10000.0,1.75,151,1,2024-12-30 22:10:23+05:30,,,IN,2024-12-30 06:04:27+05:30,2024-12-30 16:36:20+05:30,19800,1278253,Assam,200,1.68,,,,,,,,,,,,,,,
74.8167,34.0833,800,Clear,clear sky,01n,stations,273.59,273.59,273.59,273.59,1028,50,1028,835,10000.0,0.96,347,2,2024-12-30 22:07:09+05:30,,,IN,2024-12-30 07:35:53+05:30,2024-12-30 17:30:25+05:30,19800,1255634,Srinagar,200,1.33,,,,,,,,,,,,,,,
79.4167,28.35,800,Clear,clear sky,01n,stations,286.79,285.72,286.79,286.79,1019,58,1019,999,10000.0,3.09,291,0,2024-12-30 22:10:23+05:30,,,IN,2024-12-30 07:03:54+05:30,2024-12-30 17:25:35+05:30,19800,1277013,Bareilly,200,3.64,,,,,,,,,,,,,,,
91.3333,25.5,800,Clear,clear sky,01n,stations,280.42,279.09,280.42,280.42,1020,81,1020,858,10000.0,2.08,62,0,2024-12-30 22:10:23+05:30,,,IN,2024-12-30 06:10:04+05:30,2024-12-30 16:44:04+05:30,19800,1263207,State of Meghālaya,200,1.83,,,,,,,,,,,,,,,
77.6033,12.9762,701,Mist,mist,50d,stations,297.02,296.95,295.86,298.27,1018,57,1018,920,5000.0,4.12,80,20,2024-12-31 10:19:44+05:30,2.0,2017753.0,IN,2024-12-31 06:41:18+05:30,2024-12-31 18:03:39+05:30,19800,1277333,Bengaluru,200,,,,,,,,,,,,,,,,2024-12-31
72.8479,19.0144,711,Smoke,smoke,50d,stations,302.14,302.92,302.09,302.14,1017,51,1017,1017,2100.0,3.09,80,0,2024-12-31 10:21:11+05:30,1.0,9052.0,IN,2024-12-31 07:11:25+05:30,2024-12-31 18:11:34+05:30,19800,1275339,Mumbai,200,,,,,,,,,,,,,,,,2024-12-31
78.4744,17.3753,701,Mist,mist,50d,stations,298.38,298.55,298.38,299.88,1019,61,1019,955,3000.0,2.57,130,40,2024-12-31 10:25:54+05:30,1.0,9214.0,IN,2024-12-31 06:45:49+05:30,2024-12-31 17:52:08+05:30,19800,1269843,Hyderabad,200,,,,,,,,,,,,,,,,2024-12-31
77.2167,28.6667,741,Fog,fog,50d,stations,284.2,283.79,284.2,284.2,1022,93,1022,996,800.0,2.06,270,75,2024-12-31 10:20:08+05:30,1.0,9165.0,IN,2024-12-31 07:13:41+05:30,2024-12-31 17:34:20+05:30,19800,1273294,Delhi,200,,,,,,,,,,,,,,,,2024-12-31
72.0,23.0,800,Clear,clear sky,01d,stations,295.51,294.72,295.51,295.51,1019,35,1019,1017,10000.0,3.13,75,0,2024-12-31 10:26:56+05:30,,,IN,2024-12-31 07:22:36+05:30,2024-12-31 18:07:11+05:30,19800,1270770,Gujarat,200,3.78,,,,,,,,,,,,,,,2024-12-31
74.8833,12.8667,803,Clouds,broken clouds,04d,stations,302.63,302.81,302.63,302.63,1014,45,1014,1011,8000.0,4.12,80,64,2024-12-31 10:26:56+05:30,1.0,9217.0,IN,2024-12-31 06:51:59+05:30,2024-12-31 18:14:43+05:30,19800,1263780,Mangalore,200,,,,,,,,,,,,,,,,2024-12-31
93.0,26.0,800,Clear,clear sky,01d,stations,294.31,294.0,294.31,294.31,1019,58,1019,1008,10000.0,0.52,295,0,2024-12-31 10:26:56+05:30,,,IN,2024-12-31 06:04:46+05:30,2024-12-31 16:36:58+05:30,19800,1278253,Assam,200,0.6,,,,,,,,,,,,,,,2024-12-31
74.8167,34.0833,802,Clouds,scattered clouds,03d,stations,275.8,274.53,275.8,275.8,1031,39,1031,837,10000.0,1.42,268,50,2024-12-31 10:26:57+05:30,,,IN,2024-12-31 07:36:07+05:30,2024-12-31 17:31:07+05:30,19800,1255634,Srinagar,200,0.98,,,,,,,,,,,,,,,2024-12-31
79.4167,28.35,800,Clear,clear sky,01d,stations,289.91,288.66,289.91,289.91,1021,39,1021,1001,10000.0,2.41,282,2,2024-12-31 10:26:57+05:30,,,IN,2024-12-31 07:04:11+05:30,2024-12-31 17:26:14+05:30,19800,1277013,Bareilly,200,2.51,,,,,,,,,,,,,,,2024-12-31
91.3333,25.5,800,Clear,clear sky,01d,stations,290.01,288.69,290.01,290.01,1018,36,1018,858,10000.0,1.06,230,0,2024-12-31 10:26:57+05:30,,,IN,2024-12-31 06:10:22+05:30,2024-12-31 16:44:41+05:30,19800,1263207,State of Meghālaya,200,1.19,,,,,,,,,,,,,,,2024-12-31
77.6033,12.9762,802,Clouds,scattered clouds,03n,stations,293.34,293.61,293.05,293.43,1017,84,1017,919,10000.0,3.52,76,34,2024-12-31 22:10:33+05:30,2.0,2094561.0,IN,2024-12-31 06:41:18+05:30,2024-12-31 18:03:39+05:30,19800,1277333,Bengaluru,200,6.74,,,,,,,,,,,,,,,2024-12-31
72.8479,19.0144,711,Smoke,smoke,50n,stations,301.14,301.96,301.14,301.14,1015,54,1015,1015,2500.0,0.0,0,0,2024-12-31 22:05:02+05:30,1.0,9052.0,IN,2024-12-31 07:11:25+05:30,2024-12-31 18:11:34+05:30,19800,1275339,Mumbai,200,,,,,,,,,,,,,,,,2024-12-31
78.4744,17.3753,721,Haze,haze,50n,stations,296.38,296.43,294.88,296.38,1017,64,1017,953,5000.0,2.57,90,40,2024-12-31 22:06:19+05:30,1.0,9214.0,IN,2024-12-31 06:45:49+05:30,2024-12-31 17:52:08+05:30,19800,1269843,Hyderabad,200,,,,,,,,,,,,,,,,2024-12-31
77.2167,28.6667,701,Mist,mist,50n,stations,283.2,282.69,283.2,283.2,1019,93,1019,993,1500.0,1.54,290,54,2024-12-31 22:07:25+05:30,1.0,9165.0,IN,2024-12-31 07:13:41+05:30,2024-12-31 17:34:20+05:30,19800,1273294,Delhi,200,,,,,,,,,,,,,,,,2024-12-31
72.0,23.0,800,Clear,clear sky,01n,stations,292.04,290.85,292.04,292.04,1017,33,1017,1015,10000.0,3.33,352,3,2024-12-31 22:10:33+05:30,,,IN,2024-12-31 07:22:36+05:30,2024-12-31 18:07:11+05:30,19800,1270770,Gujarat,200,3.45,,,,,,,,,,,,,,,2024-12-31
74.8833,12.8667,801,Clouds,few clouds,02n,stations,300.63,303.28,300.63,300.63,1013,74,1013,1009,8000.0,3.09,350,14,2024-12-31 22:10:33+05:30,1.0,9217.0,IN,2024-12-31 06:51:59+05:30,2024-12-31 18:14:43+05:30,19800,1263780,Mangalore,200,,,,,,,,,,,,,,,,2024-12-31
93.0,26.0,800,Clear,clear sky,01n,stations,287.57,287.16,287.57,287.57,1016,80,1016,1004,10000.0,1.77,150,0,2024-12-31 22:10:33+05:30,,,IN,2024-12-31 06:04:46+05:30,2024-12-31 16:36:58+05:30,19800,1278253,Assam,200,1.8,,,,,,,,,,,,,,,2024-12-31
74.8167,34.0833,802,Clouds,scattered clouds,03n,stations,273.4,273.4,273.4,273.4,1028,55,1028,835,10000.0,1.08,330,40,2024-12-31 22:10:33+05:30,,,IN,2024-12-31 07:36:07+05:30,2024-12-31 17:31:07+05:30,19800,1255634,Srinagar,200,1.21,,,,,,,,,,,,,,,2024-12-31
79.4167,28.35,800,Clear,clear sky,01n,stations,284.72,283.11,284.72,284.72,1019,45,1019,998,10000.0,3.3,297,7,2024-12-31 22:10:33+05:30,,,IN,2024-12-31 07:04:11+05:30,2024-12-31 17:26:14+05:30,19800,1277013,Bareilly,200,3.99,,,,,,,,,,,,,,,2024-12-31
91.3333,25.5,800,Clear,clear sky,01n,stations,280.66,280.01,280.66,280.66,1018,87,1018,856,10000.0,1.46,72,6,2024-12-31 22:10:33+05:30,,,IN,2024-12-31 06:10:22+05:30,2024-12-31 16:44:41+05:30,19800,1263207,State of Meghālaya,200,1.39,,,,,,,,,,,,,,,2024-12-31
77.6033,12.9762,701,Mist,mist,50n,stations,293.43,293.6,292.05,293.95,1016,80,1016,918,5000.0,3.09,70,50,2025-01-01 22:10:35+05:30,1.0,9205.0,IN,2025-01-01 06:41:40+05:30,2025-01-01 18:04:11+05:30,19800,1277333,Bengaluru,200,,,,,,,,,,,,,,,,2025-01-01
72.8479,19.0144,711,Smoke,smoke,50n,stations,299.14,299.14,299.14,299.14,1015,61,1015,1014,2500.0,2.06,220,0,2025-01-01 22:08:57+05:30,1.0,9052.0,IN,2025-01-01 07:11:45+05:30,2025-01-01 18:12:10+05:30,19800,1275339,Mumbai,200,,,,,,,,,,,,,,,,2025-01-01
78.4744,17.3753,721,Haze,haze,50n,stations,294.38,294.23,294.38,294.88,1016,64,1016,953,5000.0,3.09,60,20,2025-01-01 22:09:52+05:30,1.0,9214.0,IN,2025-01-01 06:46:10+05:30,2025-01-01 17:52:43+05:30,19800,1269843,Hyderabad,200,,,,,,,,,,,,,,,,2025-01-01
77.2167,28.6667,701,Mist,mist,50n,stations,283.2,282.69,283.2,283.2,1018,93,1018,992,1200.0,1.54,310,87,2025-01-01 22:10:35+05:30,1.0,9165.0,IN,2025-01-01 07:13:57+05:30,2025-01-01 17:35:00+05:30,19800,1273294,Delhi,200,,,,,,,,,,,,,,,,2025-01-01
72.0,23.0,800,Clear,clear sky,01n,stations,293.92,293.1,293.92,293.92,1016,40,1016,1014,10000.0,3.26,5,2,2025-01-01 22:10:35+05:30,,,IN,2025-01-01 07:22:54+05:30,2025-01-01 18:07:48+05:30,19800,1270770,Gujarat,200,3.3,,,,,,,,,,,,,,,2025-01-01
74.8833,12.8667,803,Clouds,broken clouds,04n,stations,299.63,299.63,299.63,299.63,1012,65,1012,1009,6000.0,2.06,340,52,2025-01-01 22:10:35+05:30,1.0,9217.0,IN,2025-01-01 06:52:22+05:30,2025-01-01 18:15:16+05:30,19800,1263780,Mangalore,200,,,,,,,,,,,,,,,,2025-01-01
93.0,26.0,800,Clear,clear sky,01n,stations,287.86,287.5,287.86,287.86,1015,81,1015,1004,10000.0,1.47,149,0,2025-01-01 22:08:03+05:30,,,IN,2025-01-01 06:05:02+05:30,2025-01-01 16:37:36+05:30,19800,1278253,Assam,200,1.54,,,,,,,,,,,,,,,2025-01-01
74.8167,34.0833,804,Clouds,overcast clouds,04n,stations,272.77,272.77,272.77,272.77,1031,86,1031,836,10000.0,0.51,114,99,2025-01-01 22:08:56+05:30,,,IN,2025-01-01 07:36:19+05:30,2025-01-01 17:31:50+05:30,19800,1255634,Srinagar,200,0.92,,,,,,,,,,,,,,,2025-01-01
79.4167,28.35,800,Clear,clear sky,01n,stations,285.44,283.8,285.44,285.44,1018,41,1018,997,10000.0,3.43,294,2,2025-01-01 22:10:36+05:30,,,IN,2025-01-01 07:04:27+05:30,2025-01-01 17:26:54+05:30,19800,1277013,Bareilly,200,4.9,,,,,,,,,,,,,,,2025-01-01
91.3333,25.5,800,Clear,clear sky,01n,stations,280.98,279.78,280.98,280.98,1017,84,1017,855,10000.0,2.04,80,0,2025-01-01 22:10:36+05:30,,,IN,2025-01-01 06:10:40+05:30,2025-01-01 16:45:20+05:30,19800,1263207,State of Meghālaya,200,1.65,,,,,,,,,,,,,,,2025-01-01
77.6033,12.9762,701,Mist,mist,50n,stations,293.18,293.28,291.05,293.95,1017,78,1017,918,4500.0,3.09,100,20,2025-01-02 22:06:18+05:30,1.0,9205.0,IN,2025-01-02 06:42:02+05:30,2025-01-02 18:04:44+05:30,19800,1277333,Bengaluru,200,,,,,,,,,,,,,,,,2025-01-02
72.8479,19.0144,721,Haze,haze,50n,stations,301.14,302.26,301.14,301.14,1014,57,1014,1014,3000.0,1.54,20,1,2025-01-02 22:05:47+05:30,1.0,9052.0,IN,2025-01-02 07:12:05+05:30,2025-01-02 18:12:45+05:30,19800,1275339,Mumbai,200,,,,,,,,,,,,,,,,2025-01-02
78.4744,17.3753,721,Haze,haze,50n,stations,292.38,291.61,292.38,292.88,1017,48,1017,953,5000.0,4.12,60,40,2025-01-02 22:06:06+05:30,1.0,9214.0,IN,2025-01-02 06:46:30+05:30,2025-01-02 17:53:18+05:30,19800,1269843,Hyderabad,200,,,,,,,,,,,,,,,,2025-01-02
77.2167,28.6667,741,Fog,fog,50n,stations,283.2,282.87,283.2,283.2,1018,100,1018,992,900.0,0.0,0,20,2025-01-02 22:10:25+05:30,1.0,9165.0,IN,2025-01-02 07:14:11+05:30,2025-01-02 17:35:41+05:30,19800,1273294,Delhi,200,,,,,,,,,,,,,,,,2025-01-02
72.0,23.0,800,Clear,clear sky,01n,stations,294.18,293.23,294.18,294.18,1016,34,1016,1014,10000.0,2.36,84,2,2025-01-02 22:10:25+05:30,,,IN,2025-01-02 07:23:11+05:30,2025-01-02 18:08:26+05:30,19800,1270770,Gujarat,200,2.45,,,,,,,,,,,,,,,2025-01-02
74.8833,12.8667,804,Clouds,overcast clouds,04n,stations,298.63,298.93,298.63,298.63,1014,65,1014,1010,6000.0,1.54,20,100,2025-01-02 22:10:25+05:30,1.0,9217.0,IN,2025-01-02 06:52:44+05:30,2025-01-02 18:15:49+05:30,19800,1263780,Mangalore,200,,,,,,,,,,,,,,,,2025-01-02
93.0,26.0,800,Clear,clear sky,01n,stations,288.31,288.05,288.31,288.31,1016,83,1016,1005,10000.0,0.61,139,0,2025-01-02 22:08:02+05:30,,,IN,2025-01-02 06:05:18+05:30,2025-01-02 16:38:16+05:30,19800,1278253,Assam,200,0.8,,,,,,,,,,,,,,,2025-01-02
74.8167,34.0833,804,Clouds,overcast clouds,04n,stations,273.1,273.1,273.1,273.1,1031,89,1031,836,10000.0,0.27,103,98,2025-01-02 22:10:25+05:30,,,IN,2025-01-02 07:36:30+05:30,2025-01-02 17:32:35+05:30,19800,1255634,Srinagar,200,1.08,,,,,,,,,,,,,,,2025-01-02
79.4167,28.35,804,Clouds,overcast clouds,04n,stations,286.88,285.46,286.88,286.88,1017,44,1017,997,10000.0,2.38,319,99,2025-01-02 22:10:25+05:30,,,IN,2025-01-02 07:04:41+05:30,2025-01-02 17:27:35+05:30,19800,1277013,Bareilly,200,2.43,,,,,,,,,,,,,,,2025-01-02
91.3333,25.5,800,Clear,clear sky,01n,stations,281.68,280.65,281.68,281.68,1018,79,1018,856,10000.0,1.98,77,0,2025-01-02 22:08:48+05:30,,,IN,2025-01-02 06:10:55+05:30,2025-01-02 16:45:59+05:30,19800,1263207,State of Meghālaya,200,1.67,,,,,,,,,,,,,,,2025-01-02
77.6033,12.9762,802,Clouds,scattered clouds,03n,stations,292.37,292.49,291.05,292.95,1016,82,1016,917,6000.0,2.57,110,40,2025-01-03 22:10:46+05:30,1.0,9205.0,IN,2025-01-03 06:42:23+05:30,2025-01-03 18:05:17+05:30,19800,1277333,Bengaluru,200,,,,,,,,,,,,,,,,2025-01-03
72.8479,19.0144,711,Smoke,smoke,50n,stations,300.14,300.38,300.14,300.14,1013,47,1013,1013,3000.0,0.0,0,1,2025-01-03 22:06:59+05:30,1.0,9052.0,IN,2025-01-03 07:12:23+05:30,2025-01-03 18:13:22+05:30,19800,1275339,Mumbai,200,,,,,,,,,,,,,,,,2025-01-03
78.4744,17.3753,721,Haze,haze,50n,stations,291.38,290.8,291.38,293.88,1016,59,1016,952,5000.0,2.57,80,20,2025-01-03 22:10:40+05:30,1.0,9214.0,IN,2025-01-03 06:46:49+05:30,2025-01-03 17:53:53+05:30,19800,1269843,Hyderabad,200,,,,,,,,,,,,,,,,2025-01-03
77.2167,28.6667,741,Fog,fog,50n,stations,283.2,282.87,283.2,283.2,1016,100,1016,990,400.0,0.0,0,20,2025-01-03 22:10:46+05:30,1.0,9165.0,IN,2025-01-03 07:14:23+05:30,2025-01-03 17:36:23+05:30,19800,1273294,Delhi,200,,,,,,,,,,,,,,,,2025-01-03
72.0,23.0,802,Clouds,scattered clouds,03n,stations,294.46,293.64,294.46,294.46,1015,38,1015,1013,10000.0,3.95,355,38,2025-01-03 22:10:46+05:30,,,IN,2025-01-03 07:23:27+05:30,2025-01-03 18:09:04+05:30,19800,1270770,Gujarat,200,4.45,,,,,,,,,,,,,,,2025-01-03
74.8833,12.8667,721,Haze,haze,50n,stations,298.63,299.04,298.63,298.63,1012,69,1012,1008,5000.0,1.54,130,100,2025-01-03 22:10:46+05:30,1.0,9217.0,IN,2025-01-03 06:53:05+05:30,2025-01-03 18:16:22+05:30,19800,1263780,Mangalore,200,,,,,,,,,,,,,,,,2025-01-03
93.0,26.0,800,Clear,clear sky,01n,stations,288.44,288.11,288.44,288.44,1016,80,1016,1004,10000.0,1.31,119,1,2025-01-03 22:08:28+05:30,,,IN,2025-01-03 06:05:32+05:30,2025-01-03 16:38:56+05:30,19800,1278253,Assam,200,1.32,,,,,,,,,,,,,,,2025-01-03
74.8167,34.0833,804,Clouds,overcast clouds,04n,stations,275.47,275.47,275.47,275.47,1028,85,1028,835,10000.0,0.74,9,100,2025-01-03 22:10:46+05:30,,,IN,2025-01-03 07:36:39+05:30,2025-01-03 17:33:20+05:30,19800,1255634,Srinagar,200,0.85,,,,,,,,,,,,,,,2025-01-03
79.4167,28.35,800,Clear,clear sky,01n,stations,287.57,286.29,287.57,287.57,1016,47,1016,996,10000.0,3.36,296,8,2025-01-03 22:10:46+05:30,,,IN,2025-01-03 07:04:54+05:30,2025-01-03 17:28:17+05:30,19800,1277013,Bareilly,200,4.36,,,,,,,,,,,,,,,2025-01-03
91.3333,25.5,800,Clear,clear sky,01n,stations,282.27,281.27,282.27,282.27,1017,73,1017,856,10000.0,2.06,86,0,2025-01-03 22:09:52+05:30,,,IN,2025-01-03 06:11:10+05:30,2025-01-03 16:46:38+05:30,19800,1263207,State of Meghālaya,200,1.82,,,,,,,,,,,,,,,2025-01-03
77.6033,12.9762,721,Haze,haze,50d,stations,296.71,296.61,295.43,298.07,1013,57,1013,916,4000.0,3.6,80,40,2025-01-04 12:34:48+05:30,2.0,2017753.0,IN,2025-01-04 06:42:44+05:30,2025-01-04 18:05:51+05:30,19800,1277333,Bengaluru,200,,,,,,,,,,,,,,,,2025-01-04
72.8479,19.0144,711,Smoke,smoke,50d,stations,305.14,303.12,305.09,305.14,1013,20,1013,1012,2500.0,3.6,70,1,2025-01-04 12:34:48+05:30,1.0,9052.0,IN,2025-01-04 07:12:40+05:30,2025-01-04 18:13:58+05:30,19800,1275339,Mumbai,200,,,,,,,,,,,,,,,,2025-01-04
78.4744,17.3753,721,Haze,haze,50d,stations,301.38,300.17,301.38,301.88,1014,24,1014,950,5000.0,5.14,60,91,2025-01-04 12:30:12+05:30,1.0,9214.0,IN,2025-01-04 06:47:07+05:30,2025-01-04 17:54:29+05:30,19800,1269843,Hyderabad,200,,,,,,,,,,,,,,,,2025-01-04
77.2167,28.6667,741,Fog,fog,50d,stations,288.2,288.06,288.2,288.2,1015,88,1015,990,400.0,2.06,90,20,2025-01-04 12:34:48+05:30,1.0,9165.0,IN,2025-01-04 07:14:34+05:30,2025-01-04 17:37:06+05:30,19800,1273294,Delhi,200,,,,,,,,,,,,,,,,2025-01-04
72.0,23.0,800,Clear,clear sky,01d,stations,302.25,300.64,302.25,302.25,1014,18,1014,1012,10000.0,0.7,102,0,2025-01-04 12:33:55+05:30,,,IN,2025-01-04 07:23:42+05:30,2025-01-04 18:09:43+05:30,19800,1270770,Gujarat,200,0.86,,,,,,,,,,,,,,,2025-01-04
74.8833,12.8667,800,Clear,clear sky,01d,stations,304.63,302.75,304.63,304.63,1011,22,1011,1007,6000.0,3.6,90,7,2025-01-04 12:30:31+05:30,1.0,9217.0,IN,2025-01-04 06:53:25+05:30,2025-01-04 18:16:55+05:30,19800,1263780,Mangalore,200,,,,,,,,,,,,,,,,2025-01-04
93.0,26.0,800,Clear,clear sky,01d,stations,297.43,297.14,297.43,297.43,1013,47,1013,1002,10000.0,0.18,63,0,2025-01-04 12:34:48+05:30,,,IN,2025-01-04 06:05:45+05:30,2025-01-04 16:39:37+05:30,19800,1278253,Assam,200,0.7,,,,,,,,,,,,,,,2025-01-04
74.8167,34.0833,804,Clouds,overcast clouds,04d,stations,278.44,278.44,278.44,278.44,1023,83,1023,832,10000.0,0.61,283,100,2025-01-04 12:34:48+05:30,,,IN,2025-01-04 07:36:46+05:30,2025-01-04 17:34:07+05:30,19800,1255634,Srinagar,200,0.17,,,,,,,,,,,,,,,2025-01-04
79.4167,28.35,800,Clear,clear sky,01d,stations,295.84,295.03,295.84,295.84,1015,33,1015,995,10000.0,2.08,321,0,2025-01-04 12:30:03+05:30,,,IN,2025-01-04 07:05:05+05:30,2025-01-04 17:28:59+05:30,19800,1277013,Bareilly,200,2.87,,,,,,,,,,,,,,,2025-01-04
91.3333,25.5,800,Clear,clear sky,01d,stations,292.79,291.54,292.79,292.79,1013,28,1013,854,10000.0,2.82,229,0,2025-01-04 12:34:48+05:30,,,IN,2025-01-04 06:11:23+05:30,2025-01-04 16:47:19+05:30,19800,1263207,State of Meghālaya,200,2.26,,,,,,,,,,,,,,,2025-01-04
77.6033,12.9762,701,Mist,mist,50n,stations,292.42,292.44,291.54,292.95,1016,78,1016,917,4000.0,2.57,120,20,2025-01-04 22:03:57+05:30,1.0,9205.0,IN,2025-01-04 06:42:44+05:30,2025-01-04 18:05:51+05:30,19800,1277333,Bengaluru,200,,,,,,,,,,,,,,,,2025-01-04
72.8479,19.0144,711,Smoke,smoke,50n,stations,300.14,299.82,300.14,300.14,1013,36,1013,1012,3000.0,0.0,0,20,2025-01-04 22:08:36+05:30,1.0,9052.0,IN,2025-01-04 07:12:40+05:30,2025-01-04 18:13:58+05:30,19800,1275339,Mumbai,200,,,,,,,,,,,,,,,,2025-01-04
78.4744,17.3753,721,Haze,haze,50n,stations,294.38,294.33,292.88,294.38,1016,68,1016,952,5000.0,2.57,110,59,2025-01-04 22:03:41+05:30,1.0,9214.0,IN,2025-01-04 06:47:07+05:30,2025-01-04 17:54:29+05:30,19800,1269843,Hyderabad,200,,,,,,,,,,,,,,,,2025-01-04
77.2167,28.6667,741,Fog,fog,50n,stations,284.2,283.97,284.2,284.2,1015,100,1015,989,400.0,3.09,110,100,2025-01-04 22:08:36+05:30,1.0,9165.0,IN,2025-01-04 07:14:34+05:30,2025-01-04 17:37:06+05:30,19800,1273294,Delhi,200,,,,,,,,,,,,,,,,2025-01-04
72.0,23.0,800,Clear,clear sky,01n,stations,293.38,292.42,293.38,293.38,1014,37,1014,1012,10000.0,4.12,336,0,2025-01-04 22:08:36+05:30,,,IN,2025-01-04 07:23:42+05:30,2025-01-04 18:09:43+05:30,19800,1270770,Gujarat,200,5.2,,,,,,,,,,,,,,,2025-01-04
74.8833,12.8667,800,Clear,clear sky,01n,stations,297.63,297.94,297.63,297.63,1013,69,1013,1009,6000.0,2.06,100,6,2025-01-04 22:08:36+05:30,1.0,9217.0,IN,2025-01-04 06:53:25+05:30,2025-01-04 18:16:55+05:30,19800,1263780,Mangalore,200,,,,,,,,,,,,,,,,2025-01-04
93.0,26.0,800,Clear,clear sky,01n,stations,288.7,288.22,288.7,288.7,1016,73,1016,1005,10000.0,1.15,117,0,2025-01-04 22:08:37+05:30,,,IN,2025-01-04 06:05:45+05:30,2025-01-04 16:39:37+05:30,19800,1278253,Assam,200,1.2,,,,,,,,,,,,,,,2025-01-04
74.8167,34.0833,803,Clouds,broken clouds,04n,stations,275.08,275.08,275.08,275.08,1022,74,1022,831,10000.0,1.15,41,64,2025-01-04 22:08:37+05:30,,,IN,2025-01-04 07:36:46+05:30,2025-01-04 17:34:07+05:30,19800,1255634,Srinagar,200,1.41,,,,,,,,,,,,,,,2025-01-04
79.4167,28.35,800,Clear,clear sky,01n,stations,288.56,287.36,288.56,288.56,1016,46,1016,996,10000.0,0.61,63,0,2025-01-04 22:04:25+05:30,,,IN,2025-01-04 07:05:05+05:30,2025-01-04 17:28:59+05:30,19800,1277013,Bareilly,200,0.67,,,,,,,,,,,,,,,2025-01-04
91.3333,25.5,800,Clear,clear sky,01n,stations,282.59,281.78,282.59,282.59,1018,71,1018,857,10000.0,1.9,78,3,2025-01-04 22:08:37+05:30,,,IN,2025-01-04 06:11:23+05:30,2025-01-04 16:47:19+05:30,19800,1263207,State of Meghālaya,200,1.71,,,,,,,,,,,,,,,2025-01-04
77.6033,12.9762,804,Clouds,overcast clouds,04n,stations,292.55,292.61,291.05,292.95,1015,79,1015,917,6000.0,3.6,90,91,2025-01-05 22:05:02+05:30,1.0,9205.0,IN,2025-01-05 06:43:03+05:30,2025-01-05 18:06:24+05:30,19800,1277333,Bengaluru,200,,,,,,,,,,,,,,,,2025-01-05
72.8479,19.0144,721,Haze,haze,50n,stations,298.14,298.29,298.14,298.14,1014,61,1014,1013,2200.0,2.06,310,40,2025-01-05 22:00:03+05:30,1.0,9052.0,IN,2025-01-05 07:12:56+05:30,2025-01-05 18:14:35+05:30,19800,1275339,Mumbai,200,,,,,,,,,,,,,,,,2025-01-05
78.4744,17.3753,721,Haze,haze,50n,stations,294.38,294.23,292.88,294.38,1015,64,1015,951,5000.0,3.6,120,20,2025-01-05 22:08:59+05:30,1.0,9214.0,IN,2025-01-05 06:47:24+05:30,2025-01-05 17:55:05+05:30,19800,1269843,Hyderabad,200,,,,,,,,,,,,,,,,2025-01-05
77.2167,28.6667,701,Mist,mist,50n,stations,285.2,284.92,285.2,285.2,1016,94,1016,990,1100.0,1.54,120,0,2025-01-05 22:05:37+05:30,1.0,9165.0,IN,2025-01-05 07:14:44+05:30,2025-01-05 17:37:49+05:30,19800,1273294,Delhi,200,,,,,,,,,,,,,,,,2025-01-05
72.0,23.0,800,Clear,clear sky,01n,stations,292.06,291.16,292.06,292.06,1015,44,1015,1012,10000.0,4.38,317,0,2025-01-05 22:08:59+05:30,,,IN,2025-01-05 07:23:55+05:30,2025-01-05 18:10:23+05:30,19800,1270770,Gujarat,200,6.22,,,,,,,,,,,,,,,2025-01-05
74.8833,12.8667,721,Haze,haze,50n,stations,298.63,299.14,298.63,298.63,1013,73,1013,1009,4500.0,0.0,0,5,2025-01-05 22:08:59+05:30,1.0,9217.0,IN,2025-01-05 06:53:45+05:30,2025-01-05 18:17:29+05:30,19800,1263780,Mangalore,200,,,,,,,,,,,,,,,,2025-01-05
93.0,26.0,804,Clouds,overcast clouds,04n,stations,289.38,288.83,289.38,289.38,1016,68,1016,1005,10000.0,0.96,145,98,2025-01-05 22:08:59+05:30,,,IN,2025-01-05 06:05:57+05:30,2025-01-05 16:40:18+05:30,19800,1278253,Assam,200,1.0,,,,,,,,,,,,,,,2025-01-05
74.8167,34.0833,804,Clouds,overcast clouds,04n,stations,275.47,275.47,275.47,275.47,1024,100,1024,832,,0.87,338,100,2025-01-05 22:08:35+05:30,,,IN,2025-01-05 07:36:51+05:30,2025-01-05 17:34:55+05:30,19800,1255634,Srinagar,200,0.76,,,,,,,,,,,,,,,2025-01-05
79.4167,28.35,800,Clear,clear sky,01n,stations,287.35,286.08,287.35,287.35,1017,48,1017,997,10000.0,2.79,121,3,2025-01-05 22:08:59+05:30,,,IN,2025-01-05 07:05:15+05:30,2025-01-05 17:29:42+05:30,19800,1277013,Bareilly,200,2.79,,,,,,,,,,,,,,,2025-01-05
91.3333,25.5,803,Clouds,broken clouds,04n,stations,282.46,281.83,282.46,282.46,1019,69,1019,857,10000.0,1.68,80,60,2025-01-05 22:08:59+05:30,,,IN,2025-01-05 06:11:35+05:30,2025-01-05 16:48:00+05:30,19800,1263207,State of Meghālaya,200,1.55,,,,,,,,,,,,,,,2025-01-05
77.6033,12.9762,701,Mist,mist,50n,stations,292.98,292.85,291.54,293.95,1015,70,1015,917,4500.0,2.57,120,20,2025-01-06 22:05:17+05:30,1.0,9205.0,IN,2025-01-06 06:43:22+05:30,2025-01-06 18:06:58+05:30,19800,1277333,Bengaluru,200,,,,,,,,,,,,,,,,2025-01-06
72.8479,19.0144,711,Smoke,smoke,50n,stations,296.14,296.06,296.14,296.14,1014,60,1014,1013,2500.0,2.06,10,0,2025-01-06 22:06:01+05:30,1.0,9052.0,IN,2025-01-06 07:13:11+05:30,2025-01-06 18:15:12+05:30,19800,1275339,Mumbai,200,,,,,,,,,,,,,,,,2025-01-06
78.4744,17.3753,721,Haze,haze,50n,stations,295.38,295.23,292.88,295.38,1015,60,1015,951,5000.0,2.57,120,42,2025-01-06 22:08:08+05:30,1.0,9214.0,IN,2025-01-06 06:47:40+05:30,2025-01-06 17:55:41+05:30,19800,1269843,Hyderabad,200,,,,,,,,,,,,,,,,2025-01-06
77.2167,28.6667,701,Mist,mist,50n,stations,285.2,285.07,285.2,285.2,1017,100,1017,991,1500.0,3.09,280,40,2025-01-06 22:07:54+05:30,1.0,9165.0,IN,2025-01-06 07:14:52+05:30,2025-01-06 17:38:33+05:30,19800,1273294,Delhi,200,,,,,,,,,,,,,,,,2025-01-06
72.0,23.0,800,Clear,clear sky,01n,stations,289.3,287.7,289.3,289.3,1017,28,1017,1014,10000.0,4.94,8,0,2025-01-06 22:11:37+05:30,,,IN,2025-01-06 07:24:07+05:30,2025-01-06 18:11:03+05:30,19800,1270770,Gujarat,200,10.16,,,,,,,,,,,,,,,2025-01-06
74.8833,12.8667,721,Haze,haze,50n,stations,299.63,299.63,299.63,299.63,1013,73,1013,1010,4000.0,1.54,50,40,2025-01-06 22:11:37+05:30,1.0,9217.0,IN,2025-01-06 06:54:04+05:30,2025-01-06 18:18:02+05:30,19800,1263780,Mangalore,200,,,,,,,,,,,,,,,,2025-01-06
93.0,26.0,803,Clouds,broken clouds,04n,stations,289.74,289.28,289.74,289.74,1014,70,1014,1003,10000.0,1.59,138,62,2025-01-06 22:11:37+05:30,,,IN,2025-01-06 06:06:07+05:30,2025-01-06 16:41:00+05:30,19800,1278253,Assam,200,1.6,,,,,,,,,,,,,,,2025-01-06
74.8167,34.0833,802,Clouds,scattered clouds,03n,stations,274.44,274.44,274.44,274.44,1026,78,1026,834,10000.0,0.99,5,25,2025-01-06 22:11:37+05:30,,,IN,2025-01-06 07:36:54+05:30,2025-01-06 17:35:44+05:30,19800,1255634,Srinagar,200,1.52,,,,,,,,,,,,,,,2025-01-06
79.4167,28.35,800,Clear,clear sky,01n,stations,287.33,286.29,287.33,287.33,1016,57,1016,996,10000.0,3.35,303,0,2025-01-06 22:11:37+05:30,,,IN,2025-01-06 07:05:23+05:30,2025-01-06 17:30:26+05:30,19800,1277013,Bareilly,200,4.58,,,,,,,,,,,,,,,2025-01-06
91.3333,25.5,803,Clouds,broken clouds,04n,stations,281.83,281.83,281.83,281.83,1017,87,1017,856,10000.0,1.01,102,63,2025-01-06 22:11:37+05:30,,,IN,2025-01-06 06:11:46+05:30,2025-01-06 16:48:42+05:30,19800,1263207,State of Meghālaya,200,1.01,,,,,,,,,,,,,,,2025-01-06
77.6033,12.9762,800,Clear,clear sky,01n,stations,293.8,293.83,292.87,293.95,1014,73,1014,916,6000.0,2.06,70,2,2025-01-07 22:21:51+05:30,1.0,9205.0,IN,2025-01-07 06:43:40+05:30,2025-01-07 18:07:31+05:30,19800,1277333,Bengaluru,200,,,,,,,,,,,,,,,,2025-01-07
72.8479,19.0144,711,Smoke,smoke,50n,stations,300.14,300.56,300.14,300.14,1012,50,1012,1011,2500.0,0.0,0,1,2025-01-07 22:21:51+05:30,1.0,9052.0,IN,2025-01-07 07:13:24+05:30,2025-01-07 18:15:50+05:30,19800,1275339,Mumbai,200,,,,,,,,,,,,,,,,2025-01-07
78.4744,17.3753,721,Haze,haze,50n,stations,293.88,293.58,293.88,293.88,1015,60,1015,951,5000.0,2.57,70,20,2025-01-07 22:21:51+05:30,1.0,9213.0,IN,2025-01-07 06:47:55+05:30,2025-01-07 17:56:18+05:30,19800,1269843,Hyderabad,200,,,,,,,,,,,,,,,,2025-01-07
77.2167,28.6667,741,Fog,fog,50n,stations,284.2,283.97,284.2,284.2,1017,100,1017,991,400.0,1.54,250,20,2025-01-07 22:21:51+05:30,1.0,9165.0,IN,2025-01-07 07:14:59+05:30,2025-01-07 17:39:18+05:30,19800,1273294,Delhi,200,,,,,,,,,,,,,,,,2025-01-07
72.0,23.0,800,Clear,clear sky,01n,stations,288.29,286.59,288.29,288.29,1017,28,1017,1014,10000.0,3.77,28,0,2025-01-07 22:21:51+05:30,,,IN,2025-01-07 07:24:18+05:30,2025-01-07 18:11:43+05:30,19800,1270770,Gujarat,200,3.8,,,,,,,,,,,,,,,2025-01-07
74.8833,12.8667,721,Haze,haze,50n,stations,298.63,299.14,298.63,298.63,1012,73,1012,1008,4000.0,0.0,0,1,2025-01-07 22:21:52+05:30,1.0,9217.0,IN,2025-01-07 06:54:22+05:30,2025-01-07 18:18:36+05:30,19800,1263780,Mangalore,200,,,,,,,,,,,,,,,,2025-01-07
93.0,26.0,800,Clear,clear sky,01n,stations,288.07,287.99,288.07,288.07,1013,91,1013,1002,10000.0,0.53,191,1,2025-01-07 22:21:52+05:30,,,IN,2025-01-07 06:06:16+05:30,2025-01-07 16:41:43+05:30,19800,1278253,Assam,200,0.54,,,,,,,,,,,,,,,2025-01-07
74.8167,34.0833,800,Clear,clear sky,01n,stations,271.94,271.94,271.94,271.94,1028,69,1028,833,10000.0,1.16,23,6,2025-01-07 22:21:52+05:30,,,IN,2025-01-07 07:36:56+05:30,2025-01-07 17:36:33+05:30,19800,1255634,Srinagar,200,1.34,,,,,,,,,,,,,,,2025-01-07
79.4167,28.35,800,Clear,clear sky,01n,stations,285.09,284.06,285.09,285.09,1015,66,1015,995,10000.0,4.11,274,0,2025-01-07 22:21:52+05:30,,,IN,2025-01-07 07:05:30+05:30,2025-01-07 17:31:11+05:30,19800,1277013,Bareilly,200,10.69,,,,,,,,,,,,,,,2025-01-07
91.3333,25.5,800,Clear,clear sky,01n,stations,279.8,279.8,279.8,279.8,1015,86,1015,854,10000.0,0.98,138,0,2025-01-07 22:21:52+05:30,,,IN,2025-01-07 06:11:55+05:30,2025-01-07 16:49:24+05:30,19800,1263207,State of Meghālaya,200,1.11,,,,,,,,,,,,,,,2025-01-07
